normalized_condition_name,display_name,profile_count,dosha_combinations_present,relevant_fields_complete,missing_or_placeholder_fields,symptoms_completeness_score,dosha_clarity_score,diet_lifestyle_completeness_score,prevention_completeness_score,complications_referral_completeness_score,within_group_symptom_coherence,symptom_distinctiveness_score,distinctiveness_score,rule_potential_score,external_source_availability_status,external_source_availability_score,manageable_scope_status,manageable_scope_score,preliminary_data_score,selection_score
acanthosis nigricans,Acanthosis Nigricans,1,"Pitta, Kapha","[""symptoms"", ""doshas"", ""diet_and_lifestyle_recommendations"", ""prevention"", ""complications""]",{},1.0,1.0,1.0,1.0,1.0,1.0,0.7209759665338831,0.7209759665338831,1.0,not yet verified,0.0,not manually reviewed,0.5,0.7670975966533883,0.7670975966533883
acidity,Acidity,1,Pitta,"[""symptoms"", ""doshas"", ""diet_and_lifestyle_recommendations"", ""prevention"", ""complications""]",{},1.0,1.0,1.0,1.0,1.0,1.0,0.8369598006892532,0.8369598006892532,1.0,not yet verified,0.0,not manually reviewed,0.5,0.7786959800689253,0.7786959800689253
acne,Acne,1,Pitta,"[""symptoms"", ""doshas"", ""diet_and_lifestyle_recommendations"", ""prevention"", ""complications""]",{},1.0,1.0,1.0,1.0,1.0,1.0,0.917257803697204,0.917257803697204,1.0,not yet verified,0.0,not manually reviewed,0.5,0.7867257803697204,0.7867257803697204
acromegaly,Acromegaly,1,"Pitta, Kapha","[""symptoms"", ""doshas"", ""diet_and_lifestyle_recommendations"", ""prevention"", ""complications""]",{},1.0,1.0,1.0,1.0,1.0,1.0,0.7209759665338831,0.7209759665338831,1.0,not yet verified,0.0,not manually reviewed,0.5,0.7670975966533883,0.7670975966533883
acute kidney injury,Acute Kidney Injury,1,"Pitta, Kapha","[""symptoms"", ""doshas"", ""diet_and_lifestyle_recommendations"", ""prevention"", ""complications""]",{},1.0,1.0,1.0,1.0,1.0,1.0,0.8062002872166226,0.8062002872166226,1.0,not yet verified,0.0,not manually reviewed,0.5,0.7756200287216622,0.7756200287216622
addison s disease,Addison's Disease,2,"Vata, Pitta","[""symptoms"", ""doshas"", ""diet_and_lifestyle_recommendations"", ""prevention"", ""complications""]",{},1.0,1.0,1.0,1.0,1.0,0.6949450440198668,0.4808302234531616,0.4808302234531616,1.0,not yet verified,0.0,not manually reviewed,0.5,0.7430830223453161,0.7430830223453161
adrenal insufficiency,Adrenal Insufficiency,2,"Vata | Vata, Pitta","[""symptoms"", ""doshas"", ""diet_and_lifestyle_recommendations"", ""prevention"", ""complications""]",{},1.0,0.5,1.0,1.0,1.0,0.1263637396650437,0.4808302234531616,0.4808302234531616,0.9,not yet verified,0.0,not manually reviewed,0.5,0.6710830223453161,0.6710830223453161
alkaptonuria,Alkaptonuria,2,"Vata, Kapha | Vata, Pitta","[""symptoms"", ""doshas"", ""diet_and_lifestyle_recommendations"", ""complications""]","{""prevention"": 1}",1.0,0.5,1.0,0.5,1.0,0.20199309249791833,0.617133726756486,0.617133726756486,0.8,not yet verified,0.0,not manually reviewed,0.5,0.6327133726756485,0.6327133726756485
allergies,Allergies,1,"Vata, Kapha","[""symptoms"", ""doshas"", ""diet_and_lifestyle_recommendations"", ""prevention"", ""complications""]",{},1.0,1.0,1.0,1.0,1.0,1.0,0.8354030971773895,0.8354030971773895,1.0,not yet verified,0.0,not manually reviewed,0.5,0.7785403097177389,0.7785403097177389
alopecia,Alopecia,1,Pitta,"[""symptoms"", ""doshas"", ""diet_and_lifestyle_recommendations"", ""prevention"", ""complications""]",{},1.0,1.0,1.0,1.0,1.0,1.0,0.6190837276830676,0.6190837276830676,1.0,not yet verified,0.0,not manually reviewed,0.5,0.7569083727683067,0.7569083727683067
amebiasis,Amebiasis,1,"Pitta, Kapha","[""symptoms"", ""doshas"", ""diet_and_lifestyle_recommendations"", ""prevention"", ""complications""]",{},1.0,1.0,1.0,1.0,1.0,1.0,0.5531430989575914,0.5531430989575914,1.0,not yet verified,0.0,not manually reviewed,0.5,0.7503143098957591,0.7503143098957591
amyotrophic lateral sclerosis als,Amyotrophic Lateral Sclerosis (ALS),2,"Vata | Vata, Pitta","[""symptoms"", ""doshas"", ""diet_and_lifestyle_recommendations"", ""complications""]","{""prevention"": 1}",1.0,0.5,1.0,0.5,1.0,0.3779132184330249,0.3913644955749067,0.3913644955749067,0.8,not yet verified,0.0,not manually reviewed,0.5,0.6101364495574907,0.6101364495574907
anemia,Anemia,1,Pitta,"[""symptoms"", ""doshas"", ""diet_and_lifestyle_recommendations"", ""prevention"", ""complications""]",{},1.0,1.0,1.0,1.0,1.0,1.0,0.6077820869364086,0.6077820869364086,1.0,not yet verified,0.0,not manually reviewed,0.5,0.7557782086936408,0.7557782086936408
angina,Angina,1,"Vata, Kapha","[""symptoms"", ""doshas"", ""diet_and_lifestyle_recommendations"", ""prevention"", ""complications""]",{},1.0,1.0,1.0,1.0,1.0,1.0,0.0,0.0,1.0,not yet verified,0.0,not manually reviewed,0.5,0.695,0.695
anxiety,Anxiety,2,"Vata | Vata, Pitta","[""symptoms"", ""doshas"", ""diet_and_lifestyle_recommendations"", ""prevention"", ""complications""]",{},1.0,0.5,1.0,1.0,1.0,0.09349477497536716,0.5451829231617952,0.5451829231617952,0.9,not yet verified,0.0,not manually reviewed,0.5,0.6775182923161795,0.6775182923161795
anxiety disorder,Anxiety Disorder,1,Vata,"[""symptoms"", ""doshas"", ""diet_and_lifestyle_recommendations"", ""prevention"", ""complications""]",{},1.0,1.0,1.0,1.0,1.0,1.0,0.5451829231617952,0.5451829231617952,1.0,not yet verified,0.0,not manually reviewed,0.5,0.7495182923161795,0.7495182923161795
aortic aneurysm,Aortic Aneurysm,1,"Vata, Pitta","[""symptoms"", ""doshas"", ""diet_and_lifestyle_recommendations"", ""prevention"", ""complications""]",{},1.0,1.0,1.0,1.0,1.0,1.0,0.0,0.0,1.0,not yet verified,0.0,not manually reviewed,0.5,0.695,0.695
aphasia,Aphasia,1,"Vata, Pitta","[""symptoms"", ""doshas"", ""diet_and_lifestyle_recommendations"", ""prevention"", ""complications""]",{},1.0,1.0,1.0,1.0,1.0,1.0,0.7507231525593945,0.7507231525593945,1.0,not yet verified,0.0,not manually reviewed,0.5,0.7700723152559394,0.7700723152559394
argininosuccinic aciduria,Argininosuccinic Aciduria,1,"Vata, Pitta","[""symptoms"", ""doshas"", ""diet_and_lifestyle_recommendations"", ""prevention"", ""complications""]",{},1.0,1.0,1.0,1.0,1.0,1.0,0.5838770367643212,0.5838770367643212,1.0,not yet verified,0.0,not manually reviewed,0.5,0.753387703676432,0.753387703676432
arthritis,Arthritis,3,"Pitta | Vata, Kapha","[""symptoms"", ""doshas"", ""diet_and_lifestyle_recommendations"", ""complications""]","{""prevention"": 1}",1.0,0.6666666666666666,1.0,0.6666666666666666,1.0,0.1837902099052392,0.4199576578526457,0.4199576578526457,0.8666666666666666,not yet verified,0.0,not manually reviewed,0.5,0.6543290991185979,0.6543290991185979
ascariasis,Ascariasis,2,"Pitta, Kapha | Vata, Pitta","[""symptoms"", ""doshas"", ""diet_and_lifestyle_recommendations"", ""prevention"", ""complications""]",{},1.0,0.5,1.0,1.0,1.0,0.0,0.7346900699745933,0.7346900699745933,0.9,not yet verified,0.0,not manually reviewed,0.5,0.6964690069974593,0.6964690069974593
asparagine synthetase deficiency,Asparagine Synthetase Deficiency,2,"Pitta, Kapha | Vata","[""symptoms"", ""doshas"", ""diet_and_lifestyle_recommendations"", ""complications""]","{""prevention"": 1}",1.0,0.5,1.0,0.5,1.0,0.0,0.5315174940302958,0.5315174940302958,0.8,not yet verified,0.0,not manually reviewed,0.5,0.6241517494030295,0.6241517494030295
aspartylglucosaminuria,Aspartylglucosaminuria,2,Pitta | Vata,"[""symptoms"", ""doshas"", ""diet_and_lifestyle_recommendations"", ""complications""]","{""prevention"": 2}",1.0,0.5,1.0,0.0,1.0,0.0,0.7158398854698946,0.7158398854698946,0.7,not yet verified,0.0,not manually reviewed,0.5,0.5905839885469893,0.5905839885469893
asthma,Asthma,4,"Vata | Vata, Kapha","[""symptoms"", ""doshas"", ""diet_and_lifestyle_recommendations"", ""prevention"", ""complications""]",{},1.0,0.75,1.0,1.0,1.0,0.15852605908602718,0.5250642536088213,0.5250642536088213,0.95,not yet verified,0.0,not manually reviewed,0.5,0.7115064253608822,0.7115064253608822
atherosclerosis,Atherosclerosis,3,"Pitta | Pitta, Kapha | Vata, Kapha","[""symptoms"", ""doshas"", ""diet_and_lifestyle_recommendations"", ""prevention"", ""complications""]",{},1.0,0.3333333333333333,1.0,1.0,1.0,0.08478142392864584,0.4201371769795026,0.4201371769795026,0.8666666666666666,not yet verified,0.0,not manually reviewed,0.5,0.6410137176979502,0.6410137176979502
atopic dermatitis,Atopic Dermatitis,1,Pitta,"[""symptoms"", ""doshas"", ""diet_and_lifestyle_recommendations"", ""prevention"", ""complications""]",{},1.0,1.0,1.0,1.0,1.0,1.0,0.512338987286725,0.512338987286725,1.0,not yet verified,0.0,not manually reviewed,0.5,0.7462338987286724,0.7462338987286724
autoimmune diseases e g lupus,"Autoimmune Diseases (e.g., Lupus)",1,"Vata, Pitta","[""symptoms"", ""doshas"", ""diet_and_lifestyle_recommendations"", ""prevention"", ""complications""]",{},1.0,1.0,1.0,1.0,1.0,1.0,0.38488542125479774,0.38488542125479774,1.0,not yet verified,0.0,not manually reviewed,0.5,0.7334885421254798,0.7334885421254798
autosomal dominant polycystic kidney disease,Autosomal Dominant Polycystic Kidney Disease,2,"Kapha | Pitta, Kapha","[""symptoms"", ""doshas"", ""diet_and_lifestyle_recommendations"", ""prevention"", ""complications""]",{},1.0,0.5,1.0,1.0,1.0,0.0,0.6585432186565296,0.6585432186565296,0.9,not yet verified,0.0,not manually reviewed,0.5,0.688854321865653,0.688854321865653
back pain,Back Pain,2,"Vata | Vata, Kapha","[""symptoms"", ""doshas"", ""diet_and_lifestyle_recommendations"", ""prevention"", ""complications""]",{},1.0,0.5,1.0,1.0,1.0,0.0,0.7073667519069802,0.7073667519069802,0.9,not yet verified,0.0,not manually reviewed,0.5,0.693736675190698,0.693736675190698
bacterial infections,Bacterial Infections,1,"Pitta, Kapha","[""symptoms"", ""doshas"", ""diet_and_lifestyle_recommendations"", ""prevention"", ""complications""]",{},1.0,1.0,1.0,1.0,1.0,1.0,0.5988660773353498,0.5988660773353498,1.0,not yet verified,0.0,not manually reviewed,0.5,0.7548866077335349,0.7548866077335349
barth syndrome,Barth Syndrome,2,"Pitta, Kapha | Vata, Pitta","[""symptoms"", ""doshas"", ""diet_and_lifestyle_recommendations"", ""prevention"", ""complications""]",{},1.0,0.5,1.0,1.0,1.0,0.06804963087832473,0.550653768362337,0.550653768362337,0.9,not yet verified,0.0,not manually reviewed,0.5,0.6780653768362337,0.6780653768362337
bell s palsy,Bell's Palsy,1,Pitta,"[""symptoms"", ""doshas"", ""diet_and_lifestyle_recommendations"", ""prevention"", ""complications""]",{},1.0,1.0,1.0,1.0,1.0,1.0,0.8686100621102107,0.8686100621102107,1.0,not yet verified,0.0,not manually reviewed,0.5,0.7818610062110211,0.7818610062110211
bipolar disorder,Bipolar Disorder,2,"Vata | Vata, Pitta","[""symptoms"", ""doshas"", ""diet_and_lifestyle_recommendations"", ""prevention"", ""complications""]",{},1.0,0.5,1.0,1.0,1.0,0.16319486256720966,0.7065513232037002,0.7065513232037002,0.9,not yet verified,0.0,not manually reviewed,0.5,0.69365513232037,0.69365513232037
bladder cancer,Bladder Cancer,1,"Vata, Kapha","[""symptoms"", ""doshas"", ""diet_and_lifestyle_recommendations"", ""prevention"", ""complications""]",{},1.0,1.0,1.0,1.0,1.0,1.0,0.5011648433501019,0.5011648433501019,1.0,not yet verified,0.0,not manually reviewed,0.5,0.7451164843350101,0.7451164843350101
brain tumors,Brain Tumors,1,Pitta,"[""symptoms"", ""doshas"", ""diet_and_lifestyle_recommendations"", ""prevention"", ""complications""]",{},1.0,1.0,1.0,1.0,1.0,1.0,0.6925815710954175,0.6925815710954175,1.0,not yet verified,0.0,not manually reviewed,0.5,0.7642581571095417,0.7642581571095417
bronchiectasis,Bronchiectasis,1,"Vata, Kapha","[""symptoms"", ""doshas"", ""diet_and_lifestyle_recommendations"", ""prevention"", ""complications""]",{},1.0,1.0,1.0,1.0,1.0,1.0,0.6376898395264425,0.6376898395264425,1.0,not yet verified,0.0,not manually reviewed,0.5,0.7587689839526442,0.7587689839526442
bubonic plague,Bubonic Plague,1,"Pitta, Kapha","[""symptoms"", ""doshas"", ""diet_and_lifestyle_recommendations"", ""prevention"", ""complications""]",{},1.0,1.0,1.0,1.0,1.0,1.0,0.2846754628119348,0.2846754628119348,1.0,not yet verified,0.0,not manually reviewed,0.5,0.7234675462811935,0.7234675462811935
buruli ulcer,Buruli Ulcer,1,Pitta,"[""symptoms"", ""doshas"", ""diet_and_lifestyle_recommendations"", ""prevention"", ""complications""]",{},1.0,1.0,1.0,1.0,1.0,1.0,0.4458098055081203,0.4458098055081203,1.0,not yet verified,0.0,not manually reviewed,0.5,0.739580980550812,0.739580980550812
canavan disease,Canavan Disease,1,Vata,"[""symptoms"", ""doshas"", ""diet_and_lifestyle_recommendations"", ""complications""]","{""prevention"": 1}",1.0,1.0,1.0,0.0,1.0,1.0,0.3913644955749067,0.3913644955749067,0.8,not yet verified,0.0,not manually reviewed,0.5,0.6301364495574907,0.6301364495574907
candidiasis,Candidiasis,1,Pitta,"[""symptoms"", ""doshas"", ""diet_and_lifestyle_recommendations"", ""prevention"", ""complications""]",{},1.0,1.0,1.0,1.0,1.0,1.0,0.7012533826122092,0.7012533826122092,1.0,not yet verified,0.0,not manually reviewed,0.5,0.7651253382612209,0.7651253382612209
carbamoyl phosphate synthetase i deficiency disease,Carbamoyl Phosphate Synthetase I Deficiency Disease,1,Pitta,"[""symptoms"", ""doshas"", ""diet_and_lifestyle_recommendations"", ""prevention"", ""complications""]",{},1.0,1.0,1.0,1.0,1.0,1.0,0.575496420949023,0.575496420949023,1.0,not yet verified,0.0,not manually reviewed,0.5,0.7525496420949023,0.7525496420949023
celiac disease,Celiac Disease,2,"Kapha | Vata, Pitta","[""symptoms"", ""doshas"", ""diet_and_lifestyle_recommendations"", ""prevention"", ""complications""]",{},1.0,0.5,1.0,1.0,1.0,0.5586177528223195,0.40266311136323507,0.40266311136323507,0.9,not yet verified,0.0,not manually reviewed,0.5,0.6632663111363235,0.6632663111363235
cerebral palsy,Cerebral Palsy,1,"Vata, Pitta","[""symptoms"", ""doshas"", ""diet_and_lifestyle_recommendations"", ""prevention"", ""complications""]",{},1.0,1.0,1.0,1.0,1.0,1.0,0.6260965961195546,0.6260965961195546,1.0,not yet verified,0.0,not manually reviewed,0.5,0.7576096596119554,0.7576096596119554
cerebrotendinous xanthomatosis,Cerebrotendinous Xanthomatosis,1,Vata,"[""symptoms"", ""doshas"", ""diet_and_lifestyle_recommendations"", ""complications""]","{""prevention"": 1}",1.0,1.0,1.0,0.0,1.0,1.0,0.6946192048660972,0.6946192048660972,0.8,not yet verified,0.0,not manually reviewed,0.5,0.6604619204866097,0.6604619204866097
chagas disease,Chagas Disease,1,"Pitta, Kapha","[""symptoms"", ""doshas"", ""diet_and_lifestyle_recommendations"", ""prevention"", ""complications""]",{},1.0,1.0,1.0,1.0,1.0,1.0,0.5862604628825693,0.5862604628825693,1.0,not yet verified,0.0,not manually reviewed,0.5,0.7536260462882569,0.7536260462882569
chickenpox,Chickenpox,1,Pitta,"[""symptoms"", ""doshas"", ""diet_and_lifestyle_recommendations"", ""prevention"", ""complications""]",{},1.0,1.0,1.0,1.0,1.0,1.0,0.80567312336864,0.80567312336864,1.0,not yet verified,0.0,not manually reviewed,0.5,0.7755673123368639,0.7755673123368639
chikungunya,Chikungunya,1,"Vata, Pitta","[""symptoms"", ""doshas"", ""diet_and_lifestyle_recommendations"", ""prevention"", ""complications""]",{},1.0,1.0,1.0,1.0,1.0,1.0,0.44854840526430495,0.44854840526430495,1.0,not yet verified,0.0,not manually reviewed,0.5,0.7398548405264305,0.7398548405264305
chronic kidney disease ckd,Chronic Kidney Disease (CKD),1,"Pitta, Kapha","[""symptoms"", ""doshas"", ""diet_and_lifestyle_recommendations"", ""prevention"", ""complications""]",{},1.0,1.0,1.0,1.0,1.0,1.0,0.6278589876381105,0.6278589876381105,1.0,not yet verified,0.0,not manually reviewed,0.5,0.757785898763811,0.757785898763811
chronic sinusitis,Chronic Sinusitis,1,"Vata, Kapha","[""symptoms"", ""doshas"", ""diet_and_lifestyle_recommendations"", ""prevention"", ""complications""]",{},1.0,1.0,1.0,1.0,1.0,1.0,0.21667619695066698,0.21667619695066698,1.0,not yet verified,0.0,not manually reviewed,0.5,0.7166676196950666,0.7166676196950666
ciguatera poisoning,Ciguatera Poisoning,1,"Pitta, Kapha","[""symptoms"", ""doshas"", ""diet_and_lifestyle_recommendations"", ""prevention"", ""complications""]",{},1.0,1.0,1.0,1.0,1.0,1.0,0.4454318681669932,0.4454318681669932,1.0,not yet verified,0.0,not manually reviewed,0.5,0.7395431868166993,0.7395431868166993
cleft lip and palate,Cleft Lip and Palate,1,"Vata, Pitta","[""symptoms"", ""doshas"", ""diet_and_lifestyle_recommendations"", ""prevention"", ""complications""]",{},1.0,1.0,1.0,1.0,1.0,1.0,0.7373842195287699,0.7373842195287699,1.0,not yet verified,0.0,not manually reviewed,0.5,0.7687384219528769,0.7687384219528769
coffin lowry syndrome,Coffin-Lowry Syndrome,1,Vata,"[""symptoms"", ""doshas"", ""diet_and_lifestyle_recommendations"", ""complications""]","{""prevention"": 1}",1.0,1.0,1.0,0.0,1.0,1.0,0.6868228620975241,0.6868228620975241,0.8,not yet verified,0.0,not manually reviewed,0.5,0.6596822862097524,0.6596822862097524
cold,Cold,1,Kapha,"[""symptoms"", ""doshas"", ""diet_and_lifestyle_recommendations"", ""prevention"", ""complications""]",{},1.0,1.0,1.0,1.0,1.0,1.0,0.5203217250715171,0.5203217250715171,1.0,not yet verified,0.0,not manually reviewed,0.5,0.7470321725071517,0.7470321725071517
cold sores,Cold Sores,1,Pitta,"[""symptoms"", ""doshas"", ""diet_and_lifestyle_recommendations"", ""prevention"", ""complications""]",{},1.0,1.0,1.0,1.0,1.0,1.0,0.5999817560913968,0.5999817560913968,1.0,not yet verified,0.0,not manually reviewed,0.5,0.7549981756091396,0.7549981756091396
colorectal cancer,Colorectal Cancer,2,"Pitta, Kapha | Vata, Pitta","[""symptoms"", ""doshas"", ""diet_and_lifestyle_recommendations"", ""prevention"", ""complications""]",{},1.0,0.5,1.0,1.0,1.0,0.2030055941109282,0.5257043536641974,0.5257043536641974,0.9,not yet verified,0.0,not manually reviewed,0.5,0.6755704353664198,0.6755704353664198
common cold,Common Cold,1,"Vata, Kapha","[""symptoms"", ""doshas"", ""diet_and_lifestyle_recommendations"", ""prevention"", ""complications""]",{},1.0,1.0,1.0,1.0,1.0,1.0,0.5203217250715171,0.5203217250715171,1.0,not yet verified,0.0,not manually reviewed,0.5,0.7470321725071517,0.7470321725071517
conjunctivitis,Conjunctivitis,1,Pitta,"[""symptoms"", ""doshas"", ""diet_and_lifestyle_recommendations"", ""prevention"", ""complications""]",{},1.0,1.0,1.0,1.0,1.0,1.0,0.6853171942726253,0.6853171942726253,1.0,not yet verified,0.0,not manually reviewed,0.5,0.7635317194272625,0.7635317194272625
contact dermatitis,Contact Dermatitis,1,Pitta,"[""symptoms"", ""doshas"", ""diet_and_lifestyle_recommendations"", ""prevention"", ""complications""]",{},1.0,1.0,1.0,1.0,1.0,1.0,0.6552390786177875,0.6552390786177875,1.0,not yet verified,0.0,not manually reviewed,0.5,0.7605239078617787,0.7605239078617787
copd chronic obstructive pulmonary disease,COPD (Chronic Obstructive Pulmonary Disease),1,"Vata, Kapha","[""symptoms"", ""doshas"", ""diet_and_lifestyle_recommendations"", ""prevention"", ""complications""]",{},1.0,1.0,1.0,1.0,1.0,1.0,0.3290044284154302,0.3290044284154302,1.0,not yet verified,0.0,not manually reviewed,0.5,0.727900442841543,0.727900442841543
coronary artery disease,Coronary Artery Disease,2,"Pitta, Kapha | Vata, Pitta","[""symptoms"", ""doshas"", ""diet_and_lifestyle_recommendations"", ""prevention"", ""complications""]",{},1.0,0.5,1.0,1.0,1.0,1.0000000000000002,0.28665725804318465,0.28665725804318465,0.9,not yet verified,0.0,not manually reviewed,0.5,0.6516657258043185,0.6516657258043185
costello syndrome,Costello Syndrome,1,"Vata, Pitta","[""symptoms"", ""doshas"", ""diet_and_lifestyle_recommendations"", ""prevention"", ""complications""]",{},1.0,1.0,1.0,1.0,1.0,1.0,0.7845271789994769,0.7845271789994769,1.0,not yet verified,0.0,not manually reviewed,0.5,0.7734527178999476,0.7734527178999476
covid 19,COVID-19,1,"Pitta, Kapha","[""symptoms"", ""doshas"", ""diet_and_lifestyle_recommendations"", ""prevention"", ""complications""]",{},1.0,1.0,1.0,1.0,1.0,1.0,0.2793674982165305,0.2793674982165305,1.0,not yet verified,0.0,not manually reviewed,0.5,0.722936749821653,0.722936749821653
crigler najjar syndrome,Crigler-Najjar Syndrome,1,Pitta,"[""symptoms"", ""doshas"", ""diet_and_lifestyle_recommendations"", ""prevention"", ""complications""]",{},1.0,1.0,1.0,1.0,1.0,1.0,0.7175736971296403,0.7175736971296403,1.0,not yet verified,0.0,not manually reviewed,0.5,0.7667573697129639,0.7667573697129639
crimean congo hemorrhagic fever,Crimean-Congo Hemorrhagic Fever,1,"Pitta, Kapha","[""symptoms"", ""doshas"", ""diet_and_lifestyle_recommendations"", ""prevention"", ""complications""]",{},1.0,1.0,1.0,1.0,1.0,1.0,0.34130953764628713,0.34130953764628713,1.0,not yet verified,0.0,not manually reviewed,0.5,0.7291309537646287,0.7291309537646287
cryptosporidiosis,Cryptosporidiosis,1,"Pitta, Kapha","[""symptoms"", ""doshas"", ""diet_and_lifestyle_recommendations"", ""prevention"", ""complications""]",{},1.0,1.0,1.0,1.0,1.0,1.0,0.6063078269394646,0.6063078269394646,1.0,not yet verified,0.0,not manually reviewed,0.5,0.7556307826939465,0.7556307826939465
cushing s syndrome,Cushing's Syndrome,1,Kapha,"[""symptoms"", ""doshas"", ""diet_and_lifestyle_recommendations"", ""prevention"", ""complications""]",{},1.0,1.0,1.0,1.0,1.0,1.0,0.5046667163444293,0.5046667163444293,1.0,not yet verified,0.0,not manually reviewed,0.5,0.7454666716344429,0.7454666716344429
cystic fibrosis,Cystic Fibrosis,3,"Kapha | Vata | Vata, Kapha","[""symptoms"", ""doshas"", ""diet_and_lifestyle_recommendations"", ""prevention"", ""complications""]",{},1.0,0.3333333333333333,1.0,1.0,1.0,0.3284155036724684,0.7539568640229597,0.7539568640229597,0.8666666666666666,not yet verified,0.0,not manually reviewed,0.5,0.674395686402296,0.674395686402296
cysticercosis,Cysticercosis,1,"Pitta, Kapha","[""symptoms"", ""doshas"", ""diet_and_lifestyle_recommendations"", ""prevention"", ""complications""]",{},1.0,1.0,1.0,1.0,1.0,1.0,0.6785572639094538,0.6785572639094538,1.0,not yet verified,0.0,not manually reviewed,0.5,0.7628557263909453,0.7628557263909453
cystitis,Cystitis,1,Vata,"[""symptoms"", ""doshas"", ""diet_and_lifestyle_recommendations"", ""prevention"", ""complications""]",{},1.0,1.0,1.0,1.0,1.0,1.0,0.1608176804586413,0.1608176804586413,1.0,not yet verified,0.0,not manually reviewed,0.5,0.7110817680458641,0.7110817680458641
dandruff,Dandruff,1,"Pitta, Kapha","[""symptoms"", ""doshas"", ""diet_and_lifestyle_recommendations"", ""prevention"", ""complications""]",{},1.0,1.0,1.0,1.0,1.0,1.0,0.8471853307353022,0.8471853307353022,1.0,not yet verified,0.0,not manually reviewed,0.5,0.7797185330735302,0.7797185330735302
dementia,Dementia,2,Vata,"[""symptoms"", ""doshas"", ""diet_and_lifestyle_recommendations"", ""prevention"", ""complications""]",{},1.0,1.0,1.0,1.0,1.0,1.0000000000000002,0.7447696923628214,0.7447696923628214,1.0,not yet verified,0.0,not manually reviewed,0.5,0.7694769692362821,0.7694769692362821
dengue fever,Dengue Fever,2,Pitta,"[""symptoms"", ""doshas"", ""diet_and_lifestyle_recommendations"", ""prevention"", ""complications""]",{},1.0,1.0,1.0,1.0,1.0,0.4648424442742848,0.4713707707795981,0.4713707707795981,1.0,not yet verified,0.0,not manually reviewed,0.5,0.7421370770779597,0.7421370770779597
dengue hemorrhagic fever,Dengue Hemorrhagic Fever,1,Pitta,"[""symptoms"", ""doshas"", ""diet_and_lifestyle_recommendations"", ""prevention"", ""complications""]",{},1.0,1.0,1.0,1.0,1.0,1.0,0.4704940898596679,0.4704940898596679,1.0,not yet verified,0.0,not manually reviewed,0.5,0.7420494089859667,0.7420494089859667
dentinogenesis imperfecta,Dentinogenesis Imperfecta,1,"Pitta, Kapha","[""symptoms"", ""doshas"", ""diet_and_lifestyle_recommendations"", ""prevention"", ""complications""]",{},1.0,1.0,1.0,1.0,1.0,1.0,0.9002012323198639,0.9002012323198639,1.0,not yet verified,0.0,not manually reviewed,0.5,0.7850201232319863,0.7850201232319863
depression,Depression,2,"Vata, Pitta","[""symptoms"", ""doshas"", ""diet_and_lifestyle_recommendations"", ""prevention"", ""complications""]",{},1.0,1.0,1.0,1.0,1.0,0.35630042933313805,0.7576489306527855,0.7576489306527855,1.0,not yet verified,0.0,not manually reviewed,0.5,0.7707648930652785,0.7707648930652785
desbuquois dysplasia,Desbuquois Dysplasia,1,"Vata, Kapha","[""symptoms"", ""doshas"", ""diet_and_lifestyle_recommendations"", ""prevention"", ""complications""]",{},1.0,1.0,1.0,1.0,1.0,1.0,0.6284825717970334,0.6284825717970334,1.0,not yet verified,0.0,not manually reviewed,0.5,0.7578482571797033,0.7578482571797033
diabetes,Diabetes,2,"Pitta, Kapha","[""symptoms"", ""doshas"", ""diet_and_lifestyle_recommendations"", ""prevention"", ""complications""]",{},1.0,1.0,1.0,1.0,1.0,0.4392749903163555,0.5775978202256183,0.5775978202256183,1.0,not yet verified,0.0,not manually reviewed,0.5,0.7527597820225618,0.7527597820225618
diabetic neuropathy,Diabetic Neuropathy,1,"Vata, Kapha","[""symptoms"", ""doshas"", ""diet_and_lifestyle_recommendations"", ""prevention"", ""complications""]",{},1.0,1.0,1.0,1.0,1.0,1.0,0.4188169814844813,0.4188169814844813,1.0,not yet verified,0.0,not manually reviewed,0.5,0.7368816981484481,0.7368816981484481
diabetic retinopathy,Diabetic Retinopathy,1,Vata,"[""symptoms"", ""doshas"", ""diet_and_lifestyle_recommendations"", ""prevention"", ""complications""]",{},1.0,1.0,1.0,1.0,1.0,1.0,0.5602924010439514,0.5602924010439514,1.0,not yet verified,0.0,not manually reviewed,0.5,0.7510292401043951,0.7510292401043951
digestive disorders,Digestive Disorders,1,"Vata, Pitta","[""symptoms"", ""doshas"", ""diet_and_lifestyle_recommendations"", ""prevention"", ""complications""]",{},1.0,1.0,1.0,1.0,1.0,1.0,0.5894898180319139,0.5894898180319139,1.0,not yet verified,0.0,not manually reviewed,0.5,0.7539489818031914,0.7539489818031914
diverticulitis,Diverticulitis,1,"Vata, Pitta","[""symptoms"", ""doshas"", ""diet_and_lifestyle_recommendations"", ""prevention"", ""complications""]",{},1.0,1.0,1.0,1.0,1.0,1.0,0.5599493846412494,0.5599493846412494,1.0,not yet verified,0.0,not manually reviewed,0.5,0.7509949384641249,0.7509949384641249
down syndrome,Down Syndrome,1,"Vata, Pitta","[""symptoms"", ""doshas"", ""diet_and_lifestyle_recommendations"", ""prevention"", ""complications""]",{},1.0,1.0,1.0,1.0,1.0,1.0,0.0,0.0,1.0,not yet verified,0.0,not manually reviewed,0.5,0.695,0.695
dracunculiasis,Dracunculiasis,1,Kapha,"[""symptoms"", ""doshas"", ""diet_and_lifestyle_recommendations"", ""prevention"", ""complications""]",{},1.0,1.0,1.0,1.0,1.0,1.0,0.7063360039992559,0.7063360039992559,1.0,not yet verified,0.0,not manually reviewed,0.5,0.7656336003999256,0.7656336003999256
duchenne muscular dystrophy,Duchenne Muscular Dystrophy,1,"Vata, Pitta","[""symptoms"", ""doshas"", ""diet_and_lifestyle_recommendations"", ""prevention"", ""complications""]",{},1.0,1.0,1.0,1.0,1.0,1.0,0.26448211255754595,0.26448211255754595,1.0,not yet verified,0.0,not manually reviewed,0.5,0.7214482112557545,0.7214482112557545
ebola,Ebola,1,Pitta,"[""symptoms"", ""doshas"", ""diet_and_lifestyle_recommendations"", ""prevention"", ""complications""]",{},1.0,1.0,1.0,1.0,1.0,1.0,0.7475670809347279,0.7475670809347279,1.0,not yet verified,0.0,not manually reviewed,0.5,0.7697567080934727,0.7697567080934727
ebola virus,Ebola Virus,1,"Pitta, Kapha","[""symptoms"", ""doshas"", ""diet_and_lifestyle_recommendations"", ""prevention"", ""complications""]",{},1.0,1.0,1.0,1.0,1.0,1.0,0.6342711039571926,0.6342711039571926,1.0,not yet verified,0.0,not manually reviewed,0.5,0.7584271103957192,0.7584271103957192
echinococcosis,Echinococcosis,1,Kapha,"[""symptoms"", ""doshas"", ""diet_and_lifestyle_recommendations"", ""prevention"", ""complications""]",{},1.0,1.0,1.0,1.0,1.0,1.0,0.5249663495915253,0.5249663495915253,1.0,not yet verified,0.0,not manually reviewed,0.5,0.7474966349591525,0.7474966349591525
eczema atopic dermatitis,Eczema (Atopic Dermatitis),1,Pitta,"[""symptoms"", ""doshas"", ""diet_and_lifestyle_recommendations"", ""prevention"", ""complications""]",{},1.0,1.0,1.0,1.0,1.0,1.0,0.6373175792586313,0.6373175792586313,1.0,not yet verified,0.0,not manually reviewed,0.5,0.7587317579258631,0.7587317579258631
emphysema,Emphysema,1,"Vata, Kapha","[""symptoms"", ""doshas"", ""diet_and_lifestyle_recommendations"", ""prevention"", ""complications""]",{},1.0,1.0,1.0,1.0,1.0,1.0,0.3120595644442703,0.3120595644442703,1.0,not yet verified,0.0,not manually reviewed,0.5,0.726205956444427,0.726205956444427
endometriosis,Endometriosis,1,"Vata, Pitta","[""symptoms"", ""doshas"", ""diet_and_lifestyle_recommendations"", ""prevention"", ""complications""]",{},1.0,1.0,1.0,1.0,1.0,1.0,0.6538721041494746,0.6538721041494746,1.0,not yet verified,0.0,not manually reviewed,0.5,0.7603872104149474,0.7603872104149474
enterobiasis,Enterobiasis,1,"Vata, Pitta","[""symptoms"", ""doshas"", ""diet_and_lifestyle_recommendations"", ""prevention"", ""complications""]",{},1.0,1.0,1.0,1.0,1.0,1.0,0.8796660926968985,0.8796660926968985,1.0,not yet verified,0.0,not manually reviewed,0.5,0.7829666092696898,0.7829666092696898
epilepsy,Epilepsy,3,"Vata | Vata, Pitta","[""symptoms"", ""doshas"", ""diet_and_lifestyle_recommendations"", ""prevention"", ""complications""]",{},1.0,0.6666666666666666,1.0,1.0,1.0,0.4794591587790122,0.8279564818562022,0.8279564818562022,0.9333333333333332,not yet verified,0.0,not manually reviewed,0.5,0.7297956481856203,0.7297956481856203
erectile dysfunction,Erectile Dysfunction,1,"Vata, Pitta","[""symptoms"", ""doshas"", ""diet_and_lifestyle_recommendations"", ""prevention"", ""complications""]",{},1.0,1.0,1.0,1.0,1.0,1.0,0.9052986646140471,0.9052986646140471,1.0,not yet verified,0.0,not manually reviewed,0.5,0.7855298664614047,0.7855298664614047
fascioliasis,Fascioliasis,1,"Pitta, Kapha","[""symptoms"", ""doshas"", ""diet_and_lifestyle_recommendations"", ""prevention"", ""complications""]",{},1.0,1.0,1.0,1.0,1.0,1.0,0.5249663495915253,0.5249663495915253,1.0,not yet verified,0.0,not manually reviewed,0.5,0.7474966349591525,0.7474966349591525
fever,Fever,2,"Pitta | Pitta, Kapha","[""symptoms"", ""doshas"", ""diet_and_lifestyle_recommendations"", ""prevention"", ""complications""]",{},1.0,0.5,1.0,1.0,1.0,0.275195812175023,0.7549195159314602,0.7549195159314602,0.9,not yet verified,0.0,not manually reviewed,0.5,0.698491951593146,0.698491951593146
fibromyalgia,Fibromyalgia,2,"Vata | Vata, Pitta","[""symptoms"", ""doshas"", ""diet_and_lifestyle_recommendations"", ""prevention"", ""complications""]",{},1.0,0.5,1.0,1.0,1.0,0.8336336389685021,0.825750019087654,0.825750019087654,0.9,not yet verified,0.0,not manually reviewed,0.5,0.7055750019087654,0.7055750019087654
filariasis,Filariasis,1,"Pitta, Kapha","[""symptoms"", ""doshas"", ""diet_and_lifestyle_recommendations"", ""prevention"", ""complications""]",{},1.0,1.0,1.0,1.0,1.0,1.0,0.7630118251345133,0.7630118251345133,1.0,not yet verified,0.0,not manually reviewed,0.5,0.7713011825134513,0.7713011825134513
fragile x syndrome,Fragile X Syndrome,1,"Vata, Pitta","[""symptoms"", ""doshas"", ""diet_and_lifestyle_recommendations"", ""prevention"", ""complications""]",{},1.0,1.0,1.0,1.0,1.0,1.0,0.0,0.0,1.0,not yet verified,0.0,not manually reviewed,0.5,0.695,0.695
gallbladder disease,Gallbladder Disease,1,Pitta,"[""symptoms"", ""doshas"", ""diet_and_lifestyle_recommendations"", ""prevention"", ""complications""]",{},1.0,1.0,1.0,1.0,1.0,1.0,0.39374250810301237,0.39374250810301237,1.0,not yet verified,0.0,not manually reviewed,0.5,0.7343742508103012,0.7343742508103012
gastroenteritis,Gastroenteritis,1,"Pitta, Kapha","[""symptoms"", ""doshas"", ""diet_and_lifestyle_recommendations"", ""prevention"", ""complications""]",{},1.0,1.0,1.0,1.0,1.0,1.0,0.7370285525570601,0.7370285525570601,1.0,not yet verified,0.0,not manually reviewed,0.5,0.7687028552557059,0.7687028552557059
gastroesophageal reflux disease gerd,Gastroesophageal Reflux Disease (GERD),1,Pitta,"[""symptoms"", ""doshas"", ""diet_and_lifestyle_recommendations"", ""prevention"", ""complications""]",{},1.0,1.0,1.0,1.0,1.0,1.0,0.8080542265936186,0.8080542265936186,1.0,not yet verified,0.0,not manually reviewed,0.5,0.7758054226593618,0.7758054226593618
giardiasis,Giardiasis,1,Pitta,"[""symptoms"", ""doshas"", ""diet_and_lifestyle_recommendations"", ""prevention"", ""complications""]",{},1.0,1.0,1.0,1.0,1.0,1.0,0.6063078269394646,0.6063078269394646,1.0,not yet verified,0.0,not manually reviewed,0.5,0.7556307826939465,0.7556307826939465
gingivitis,Gingivitis,1,Pitta,"[""symptoms"", ""doshas"", ""diet_and_lifestyle_recommendations"", ""prevention"", ""complications""]",{},1.0,1.0,1.0,1.0,1.0,1.0,0.8938230584455592,0.8938230584455592,1.0,not yet verified,0.0,not manually reviewed,0.5,0.7843823058445559,0.7843823058445559
glaucoma,Glaucoma,1,Pitta,"[""symptoms"", ""doshas"", ""diet_and_lifestyle_recommendations"", ""prevention"", ""complications""]",{},1.0,1.0,1.0,1.0,1.0,1.0,0.5602924010439514,0.5602924010439514,1.0,not yet verified,0.0,not manually reviewed,0.5,0.7510292401043951,0.7510292401043951
glomerulonephritis,Glomerulonephritis,2,"Pitta | Vata, Kapha","[""symptoms"", ""doshas"", ""diet_and_lifestyle_recommendations"", ""prevention"", ""complications""]",{},1.0,0.5,1.0,1.0,1.0,0.4132754791400618,0.46637996479384547,0.46637996479384547,0.9,not yet verified,0.0,not manually reviewed,0.5,0.6696379964793846,0.6696379964793846
goiter,Goiter,1,"Vata, Pitta","[""symptoms"", ""doshas"", ""diet_and_lifestyle_recommendations"", ""prevention"", ""complications""]",{},1.0,1.0,1.0,1.0,1.0,1.0,0.7278099052294781,0.7278099052294781,1.0,not yet verified,0.0,not manually reviewed,0.5,0.7677809905229478,0.7677809905229478
gout,Gout,2,"Pitta, Kapha | Vata, Pitta","[""symptoms"", ""doshas"", ""diet_and_lifestyle_recommendations"", ""prevention"", ""complications""]",{},1.0,0.5,1.0,1.0,1.0,0.7846808650367368,0.6938004130594603,0.6938004130594603,0.9,not yet verified,0.0,not manually reviewed,0.5,0.692380041305946,0.692380041305946
graves disease,Graves Disease,2,"Pitta | Vata, Pitta","[""symptoms"", ""doshas"", ""diet_and_lifestyle_recommendations"", ""prevention"", ""complications""]",{},1.0,0.5,1.0,1.0,1.0,0.14504048225875948,0.6085958805713304,0.6085958805713304,0.9,not yet verified,0.0,not manually reviewed,0.5,0.6838595880571331,0.6838595880571331
guillain barre syndrome,Guillain-Barre Syndrome,1,"Vata, Pitta","[""symptoms"", ""doshas"", ""diet_and_lifestyle_recommendations"", ""prevention"", ""complications""]",{},1.0,1.0,1.0,1.0,1.0,1.0,0.4188169814844813,0.4188169814844813,1.0,not yet verified,0.0,not manually reviewed,0.5,0.7368816981484481,0.7368816981484481
guinea worm disease,Guinea Worm Disease,1,"Pitta, Kapha","[""symptoms"", ""doshas"", ""diet_and_lifestyle_recommendations"", ""prevention"", ""complications""]",{},1.0,1.0,1.0,1.0,1.0,1.0,0.7630118251345133,0.7630118251345133,1.0,not yet verified,0.0,not manually reviewed,0.5,0.7713011825134513,0.7713011825134513
hair loss,Hair Loss,1,"Pitta, Kapha","[""symptoms"", ""doshas"", ""diet_and_lifestyle_recommendations"", ""prevention"", ""complications""]",{},1.0,1.0,1.0,1.0,1.0,1.0,0.6190837276830676,0.6190837276830676,1.0,not yet verified,0.0,not manually reviewed,0.5,0.7569083727683067,0.7569083727683067
hantavirus pulmonary syndrome,Hantavirus Pulmonary Syndrome,1,"Vata, Kapha","[""symptoms"", ""doshas"", ""diet_and_lifestyle_recommendations"", ""prevention"", ""complications""]",{},1.0,1.0,1.0,1.0,1.0,1.0,0.43616237892597365,0.43616237892597365,1.0,not yet verified,0.0,not manually reviewed,0.5,0.7386162378925973,0.7386162378925973
hashimoto s thyroiditis,Hashimoto's Thyroiditis,1,Vata,"[""symptoms"", ""doshas"", ""diet_and_lifestyle_recommendations"", ""prevention"", ""complications""]",{},1.0,1.0,1.0,1.0,1.0,1.0,0.5603671714838117,0.5603671714838117,1.0,not yet verified,0.0,not manually reviewed,0.5,0.7510367171483812,0.7510367171483812
heart attack myocardial infarction,Heart Attack (Myocardial Infarction),2,"Pitta | Vata, Pitta","[""symptoms"", ""doshas"", ""diet_and_lifestyle_recommendations"", ""prevention"", ""complications""]",{},1.0,0.5,1.0,1.0,1.0,0.7241072696029361,0.1104004543065733,0.1104004543065733,0.9,not yet verified,0.0,not manually reviewed,0.5,0.6340400454306574,0.6340400454306574
heart disease,Heart Disease,1,"Vata, Pitta","[""symptoms"", ""doshas"", ""diet_and_lifestyle_recommendations"", ""prevention"", ""complications""]",{},1.0,1.0,1.0,1.0,1.0,1.0,0.3594818830800034,0.3594818830800034,1.0,not yet verified,0.0,not manually reviewed,0.5,0.7309481883080003,0.7309481883080003
heart failure,Heart Failure,1,"Vata, Pitta","[""symptoms"", ""doshas"", ""diet_and_lifestyle_recommendations"", ""prevention"", ""complications""]",{},1.0,1.0,1.0,1.0,1.0,1.0,0.6255490971406878,0.6255490971406878,1.0,not yet verified,0.0,not manually reviewed,0.5,0.7575549097140687,0.7575549097140687
hemochromatosis,Hemochromatosis,1,"Vata, Pitta","[""symptoms"", ""doshas"", ""diet_and_lifestyle_recommendations"", ""prevention"", ""complications""]",{},1.0,1.0,1.0,1.0,1.0,1.0,0.5418893803021678,0.5418893803021678,1.0,not yet verified,0.0,not manually reviewed,0.5,0.7491889380302167,0.7491889380302167
hemophilia,Hemophilia,1,Kapha,"[""symptoms"", ""doshas"", ""diet_and_lifestyle_recommendations"", ""prevention"", ""complications""]",{},1.0,1.0,1.0,1.0,1.0,1.0,0.7108421449515681,0.7108421449515681,1.0,not yet verified,0.0,not manually reviewed,0.5,0.7660842144951567,0.7660842144951567
hendra virus infection,Hendra Virus Infection,1,"Vata, Pitta","[""symptoms"", ""doshas"", ""diet_and_lifestyle_recommendations"", ""prevention"", ""complications""]",{},1.0,1.0,1.0,1.0,1.0,1.0,0.7548923269802541,0.7548923269802541,1.0,not yet verified,0.0,not manually reviewed,0.5,0.7704892326980254,0.7704892326980254
hepatitis,Hepatitis,3,Pitta,"[""symptoms"", ""doshas"", ""diet_and_lifestyle_recommendations"", ""prevention"", ""complications""]",{},1.0,1.0,1.0,1.0,1.0,0.25749289970897954,0.469783030849086,0.469783030849086,1.0,not yet verified,0.0,not manually reviewed,0.5,0.7419783030849085,0.7419783030849085
hepatitis a,Hepatitis A,1,"Vata, Pitta","[""symptoms"", ""doshas"", ""diet_and_lifestyle_recommendations"", ""prevention"", ""complications""]",{},1.0,1.0,1.0,1.0,1.0,1.0,0.5707626557637502,0.5707626557637502,1.0,not yet verified,0.0,not manually reviewed,0.5,0.752076265576375,0.752076265576375
hepatitis a b c,"Hepatitis (A, B, C)",1,Pitta,"[""symptoms"", ""doshas"", ""diet_and_lifestyle_recommendations"", ""prevention"", ""complications""]",{},1.0,1.0,1.0,1.0,1.0,1.0,0.5392869042577056,0.5392869042577056,1.0,not yet verified,0.0,not manually reviewed,0.5,0.7489286904257705,0.7489286904257705
hepatitis b,Hepatitis B,1,Pitta,"[""symptoms"", ""doshas"", ""diet_and_lifestyle_recommendations"", ""prevention"", ""complications""]",{},1.0,1.0,1.0,1.0,1.0,1.0,0.5650192819538596,0.5650192819538596,1.0,not yet verified,0.0,not manually reviewed,0.5,0.751501928195386,0.751501928195386
hepatitis c,Hepatitis C,1,"Vata, Pitta","[""symptoms"", ""doshas"", ""diet_and_lifestyle_recommendations"", ""prevention"", ""complications""]",{},1.0,1.0,1.0,1.0,1.0,1.0,0.5650192819538596,0.5650192819538596,1.0,not yet verified,0.0,not manually reviewed,0.5,0.751501928195386,0.751501928195386
herpes simplex virus hsv,Herpes Simplex Virus (HSV),1,Pitta,"[""symptoms"", ""doshas"", ""diet_and_lifestyle_recommendations"", ""prevention"", ""complications""]",{},1.0,1.0,1.0,1.0,1.0,1.0,0.5999817560913968,0.5999817560913968,1.0,not yet verified,0.0,not manually reviewed,0.5,0.7549981756091396,0.7549981756091396
histoplasmosis,Histoplasmosis,1,"Vata, Pitta","[""symptoms"", ""doshas"", ""diet_and_lifestyle_recommendations"", ""prevention"", ""complications""]",{},1.0,1.0,1.0,1.0,1.0,1.0,0.20717072262368907,0.20717072262368907,1.0,not yet verified,0.0,not manually reviewed,0.5,0.7157170722623688,0.7157170722623688
hiv aids,HIV/ AIDS,1,"Vata, Pitta","[""symptoms"", ""doshas"", ""diet_and_lifestyle_recommendations"", ""prevention"", ""complications""]",{},1.0,1.0,1.0,1.0,1.0,1.0,0.5407705795885709,0.5407705795885709,1.0,not yet verified,0.0,not manually reviewed,0.5,0.749077057958857,0.749077057958857
hodgkin s lymphoma,Hodgkin's Lymphoma,2,Pitta | Vata,"[""symptoms"", ""doshas"", ""diet_and_lifestyle_recommendations"", ""prevention"", ""complications""]",{},1.0,0.5,1.0,1.0,1.0,0.7628693657641714,0.0555801473071017,0.0555801473071017,0.9,not yet verified,0.0,not manually reviewed,0.5,0.6285580147307102,0.6285580147307102
hookworm infection,Hookworm Infection,1,"Vata, Kapha","[""symptoms"", ""doshas"", ""diet_and_lifestyle_recommendations"", ""prevention"", ""complications""]",{},1.0,1.0,1.0,1.0,1.0,1.0,0.4454318681669932,0.4454318681669932,1.0,not yet verified,0.0,not manually reviewed,0.5,0.7395431868166993,0.7395431868166993
huntington s disease,Huntington's Disease,1,"Vata, Pitta","[""symptoms"", ""doshas"", ""diet_and_lifestyle_recommendations"", ""prevention"", ""complications""]",{},1.0,1.0,1.0,1.0,1.0,1.0,0.7333314863064373,0.7333314863064373,1.0,not yet verified,0.0,not manually reviewed,0.5,0.7683331486306437,0.7683331486306437
hydronephrosis,Hydronephrosis,1,"Vata, Kapha","[""symptoms"", ""doshas"", ""diet_and_lifestyle_recommendations"", ""prevention"", ""complications""]",{},1.0,1.0,1.0,1.0,1.0,1.0,0.6295401649154786,0.6295401649154786,1.0,not yet verified,0.0,not manually reviewed,0.5,0.7579540164915478,0.7579540164915478
hypercholesterolemia,Hypercholesterolemia,1,Pitta,"[""symptoms"", ""doshas"", ""diet_and_lifestyle_recommendations"", ""prevention"", ""complications""]",{},1.0,1.0,1.0,1.0,1.0,1.0,0.49851550236314046,0.49851550236314046,1.0,not yet verified,0.0,not manually reviewed,0.5,0.744851550236314,0.744851550236314
hyperlipidemia,Hyperlipidemia,1,Vata,"[""symptoms"", ""doshas"", ""diet_and_lifestyle_recommendations"", ""prevention"", ""complications""]",{},1.0,1.0,1.0,1.0,1.0,1.0,0.6481025348701368,0.6481025348701368,1.0,not yet verified,0.0,not manually reviewed,0.5,0.7598102534870136,0.7598102534870136
hyperparathyroidism,Hyperparathyroidism,1,"Vata, Pitta","[""symptoms"", ""doshas"", ""diet_and_lifestyle_recommendations"", ""prevention"", ""complications""]",{},1.0,1.0,1.0,1.0,1.0,1.0,0.7352209613777904,0.7352209613777904,1.0,not yet verified,0.0,not manually reviewed,0.5,0.768522096137779,0.768522096137779
hypertension,Hypertension,3,"Pitta | Vata, Pitta","[""symptoms"", ""doshas"", ""diet_and_lifestyle_recommendations"", ""prevention"", ""complications""]",{},1.0,0.6666666666666666,1.0,1.0,1.0,0.3590177865236123,0.46637996479384547,0.46637996479384547,0.9333333333333332,not yet verified,0.0,not manually reviewed,0.5,0.6936379964793845,0.6936379964793845
hyperthyroidism,Hyperthyroidism,1,Pitta,"[""symptoms"", ""doshas"", ""diet_and_lifestyle_recommendations"", ""prevention"", ""complications""]",{},1.0,1.0,1.0,1.0,1.0,1.0,0.6085958805713304,0.6085958805713304,1.0,not yet verified,0.0,not manually reviewed,0.5,0.7558595880571329,0.7558595880571329
hypoglycemia,Hypoglycemia,1,"Vata, Kapha","[""symptoms"", ""doshas"", ""diet_and_lifestyle_recommendations"", ""prevention"", ""complications""]",{},1.0,1.0,1.0,1.0,1.0,1.0,0.748045979182002,0.748045979182002,1.0,not yet verified,0.0,not manually reviewed,0.5,0.7698045979182001,0.7698045979182001
hypothyroidism,Hypothyroidism,2,"Vata, Kapha","[""symptoms"", ""doshas"", ""diet_and_lifestyle_recommendations"", ""prevention"", ""complications""]",{},1.0,1.0,1.0,1.0,1.0,0.6083255563657998,0.5603671714838117,0.5603671714838117,1.0,not yet verified,0.0,not manually reviewed,0.5,0.7510367171483812,0.7510367171483812
inflammation,Inflammation,1,"Vata, Pitta","[""symptoms"", ""doshas"", ""diet_and_lifestyle_recommendations"", ""prevention"", ""complications""]",{},1.0,1.0,1.0,1.0,1.0,1.0,0.7821329605921097,0.7821329605921097,1.0,not yet verified,0.0,not manually reviewed,0.5,0.773213296059211,0.773213296059211
influenza,Influenza,1,"Vata, Pitta","[""symptoms"", ""doshas"", ""diet_and_lifestyle_recommendations"", ""prevention"", ""complications""]",{},1.0,1.0,1.0,1.0,1.0,1.0,0.6429172176674313,0.6429172176674313,1.0,not yet verified,0.0,not manually reviewed,0.5,0.7592917217667431,0.7592917217667431
insomnia,Insomnia,2,"Vata | Vata, Pitta","[""symptoms"", ""doshas"", ""diet_and_lifestyle_recommendations"", ""prevention"", ""complications""]",{},1.0,0.5,1.0,1.0,1.0,0.08176804146599938,0.8810526256289135,0.8810526256289135,0.9,not yet verified,0.0,not manually reviewed,0.5,0.7111052625628914,0.7111052625628914
irritable bowel syndrome ibs,Irritable Bowel Syndrome (IBS),2,"Vata | Vata, Pitta","[""symptoms"", ""doshas"", ""diet_and_lifestyle_recommendations"", ""prevention"", ""complications""]",{},1.0,0.5,1.0,1.0,1.0,0.5744651733947116,0.5599493846412494,0.5599493846412494,0.9,not yet verified,0.0,not manually reviewed,0.5,0.678994938464125,0.678994938464125
joint pain,Joint Pain,1,"Vata, Kapha","[""symptoms"", ""doshas"", ""diet_and_lifestyle_recommendations"", ""prevention"", ""complications""]",{},1.0,1.0,1.0,1.0,1.0,1.0,0.599200037688977,0.599200037688977,1.0,not yet verified,0.0,not manually reviewed,0.5,0.7549200037688977,0.7549200037688977
kala azar,Kala-azar,1,Pitta,"[""symptoms"", ""doshas"", ""diet_and_lifestyle_recommendations"", ""prevention"", ""complications""]",{},1.0,1.0,1.0,1.0,1.0,1.0,0.6895027701736018,0.6895027701736018,1.0,not yet verified,0.0,not manually reviewed,0.5,0.7639502770173602,0.7639502770173602
kawasaki disease,Kawasaki Disease,1,"Vata, Pitta","[""symptoms"", ""doshas"", ""diet_and_lifestyle_recommendations"", ""prevention"", ""complications""]",{},1.0,1.0,1.0,1.0,1.0,1.0,0.561704007889998,0.561704007889998,1.0,not yet verified,0.0,not manually reviewed,0.5,0.7511704007889998,0.7511704007889998
kearns sayre syndrome,Kearns-Sayre Syndrome,1,"Vata, Pitta","[""symptoms"", ""doshas"", ""diet_and_lifestyle_recommendations"", ""prevention"", ""complications""]",{},1.0,1.0,1.0,1.0,1.0,1.0,0.7087752796928631,0.7087752796928631,1.0,not yet verified,0.0,not manually reviewed,0.5,0.7658775279692863,0.7658775279692863
kidney cancer,Kidney Cancer,2,"Pitta | Vata, Kapha","[""symptoms"", ""doshas"", ""diet_and_lifestyle_recommendations"", ""prevention"", ""complications""]",{},1.0,0.5,1.0,1.0,1.0,0.37209456181172545,0.4546230222847456,0.4546230222847456,0.9,not yet verified,0.0,not manually reviewed,0.5,0.6684623022284746,0.6684623022284746
kidney stones,Kidney Stones,2,"Vata, Kapha","[""symptoms"", ""doshas"", ""diet_and_lifestyle_recommendations"", ""prevention"", ""complications""]",{},1.0,1.0,1.0,1.0,1.0,0.43489393672684495,0.4546230222847456,0.4546230222847456,1.0,not yet verified,0.0,not manually reviewed,0.5,0.7404623022284745,0.7404623022284745
kleine levin syndrome,Kleine-Levin Syndrome,1,Vata,"[""symptoms"", ""doshas"", ""diet_and_lifestyle_recommendations"", ""prevention"", ""complications""]",{},1.0,1.0,1.0,1.0,1.0,1.0,0.894391697092677,0.894391697092677,1.0,not yet verified,0.0,not manually reviewed,0.5,0.7844391697092676,0.7844391697092676
klinefelter syndrome,Klinefelter Syndrome,1,"Vata, Pitta","[""symptoms"", ""doshas"", ""diet_and_lifestyle_recommendations"", ""prevention"", ""complications""]",{},1.0,1.0,1.0,1.0,1.0,1.0,0.8752232516587224,0.8752232516587224,1.0,not yet verified,0.0,not manually reviewed,0.5,0.7825223251658722,0.7825223251658722
kyasanur forest disease,Kyasanur Forest Disease,1,Kapha,"[""symptoms"", ""doshas"", ""diet_and_lifestyle_recommendations"", ""prevention"", ""complications""]",{},1.0,1.0,1.0,1.0,1.0,1.0,0.5445931885989482,0.5445931885989482,1.0,not yet verified,0.0,not manually reviewed,0.5,0.7494593188598948,0.7494593188598948
langerhans cell histiocytosis,Langerhans Cell Histiocytosis,1,Pitta,"[""symptoms"", ""doshas"", ""diet_and_lifestyle_recommendations"", ""prevention"", ""complications""]",{},1.0,1.0,1.0,1.0,1.0,1.0,0.6011566566751285,0.6011566566751285,1.0,not yet verified,0.0,not manually reviewed,0.5,0.7551156656675128,0.7551156656675128
larsen syndrome,Larsen Syndrome,1,Vata,"[""symptoms"", ""doshas"", ""diet_and_lifestyle_recommendations"", ""prevention"", ""complications""]",{},1.0,1.0,1.0,1.0,1.0,1.0,0.6284825717970334,0.6284825717970334,1.0,not yet verified,0.0,not manually reviewed,0.5,0.7578482571797033,0.7578482571797033
lassa fever,Lassa Fever,1,"Vata, Pitta","[""symptoms"", ""doshas"", ""diet_and_lifestyle_recommendations"", ""prevention"", ""complications""]",{},1.0,1.0,1.0,1.0,1.0,1.0,0.6294935091341725,0.6294935091341725,1.0,not yet verified,0.0,not manually reviewed,0.5,0.7579493509134172,0.7579493509134172
leigh syndrome,Leigh Syndrome,1,Vata,"[""symptoms"", ""doshas"", ""diet_and_lifestyle_recommendations"", ""prevention"", ""complications""]",{},1.0,1.0,1.0,1.0,1.0,1.0,0.7232775919776868,0.7232775919776868,1.0,not yet verified,0.0,not manually reviewed,0.5,0.7673277591977686,0.7673277591977686
leishmaniasis,Leishmaniasis,1,Pitta,"[""symptoms"", ""doshas"", ""diet_and_lifestyle_recommendations"", ""prevention"", ""complications""]",{},1.0,1.0,1.0,1.0,1.0,1.0,0.6531842936217979,0.6531842936217979,1.0,not yet verified,0.0,not manually reviewed,0.5,0.7603184293621797,0.7603184293621797
leprosy,Leprosy,2,Pitta,"[""symptoms"", ""doshas"", ""diet_and_lifestyle_recommendations"", ""prevention"", ""complications""]",{},1.0,1.0,1.0,1.0,1.0,0.7241072696029361,0.7044523799246996,0.7044523799246996,1.0,not yet verified,0.0,not manually reviewed,0.5,0.7654452379924699,0.7654452379924699
leptospirosis,Leptospirosis,1,"Vata, Pitta","[""symptoms"", ""doshas"", ""diet_and_lifestyle_recommendations"", ""prevention"", ""complications""]",{},1.0,1.0,1.0,1.0,1.0,1.0,0.3727795832800287,0.3727795832800287,1.0,not yet verified,0.0,not manually reviewed,0.5,0.7322779583280028,0.7322779583280028
lesch nyhan syndrome,Lesch-Nyhan Syndrome,1,"Vata, Pitta","[""symptoms"", ""doshas"", ""diet_and_lifestyle_recommendations"", ""prevention"", ""complications""]",{},1.0,1.0,1.0,1.0,1.0,1.0,0.7352209613777904,0.7352209613777904,1.0,not yet verified,0.0,not manually reviewed,0.5,0.768522096137779,0.768522096137779
leukemia,Leukemia,2,"Pitta | Vata, Pitta","[""symptoms"", ""doshas"", ""diet_and_lifestyle_recommendations"", ""prevention"", ""complications""]",{},1.0,0.5,1.0,1.0,1.0,0.379745653953054,0.6134543986486894,0.6134543986486894,0.9,not yet verified,0.0,not manually reviewed,0.5,0.684345439864869,0.684345439864869
leukodystrophy,Leukodystrophy,1,"Vata, Pitta","[""symptoms"", ""doshas"", ""diet_and_lifestyle_recommendations"", ""prevention"", ""complications""]",{},1.0,1.0,1.0,1.0,1.0,1.0,0.39337760951828804,0.39337760951828804,1.0,not yet verified,0.0,not manually reviewed,0.5,0.7343377609518288,0.7343377609518288
liddle syndrome,Liddle Syndrome,1,"Vata, Kapha","[""symptoms"", ""doshas"", ""diet_and_lifestyle_recommendations"", ""prevention"", ""complications""]",{},1.0,1.0,1.0,1.0,1.0,1.0,0.6225612377007412,0.6225612377007412,1.0,not yet verified,0.0,not manually reviewed,0.5,0.7572561237700741,0.7572561237700741
lipid storage disease,Lipid Storage Disease,1,"Vata, Kapha","[""symptoms"", ""doshas"", ""diet_and_lifestyle_recommendations"", ""prevention"", ""complications""]",{},1.0,1.0,1.0,1.0,1.0,1.0,0.6404998762351343,0.6404998762351343,1.0,not yet verified,0.0,not manually reviewed,0.5,0.7590499876235134,0.7590499876235134
liver cirrhosis,Liver Cirrhosis,1,Pitta,"[""symptoms"", ""doshas"", ""diet_and_lifestyle_recommendations"", ""prevention"", ""complications""]",{},1.0,1.0,1.0,1.0,1.0,1.0,0.7613617153017587,0.7613617153017587,1.0,not yet verified,0.0,not manually reviewed,0.5,0.7711361715301758,0.7711361715301758
liver disorders,Liver Disorders,1,"Pitta, Kapha","[""symptoms"", ""doshas"", ""diet_and_lifestyle_recommendations"", ""prevention"", ""complications""]",{},1.0,1.0,1.0,1.0,1.0,1.0,0.469783030849086,0.469783030849086,1.0,not yet verified,0.0,not manually reviewed,0.5,0.7419783030849085,0.7419783030849085
loeys dietz syndrome,Loeys-Dietz Syndrome,1,Vata,"[""symptoms"", ""doshas"", ""diet_and_lifestyle_recommendations"", ""prevention"", ""complications""]",{},1.0,1.0,1.0,1.0,1.0,1.0,0.8030014875022035,0.8030014875022035,1.0,not yet verified,0.0,not manually reviewed,0.5,0.7753001487502204,0.7753001487502204
loiasis,Loiasis,1,"Vata, Kapha","[""symptoms"", ""doshas"", ""diet_and_lifestyle_recommendations"", ""prevention"", ""complications""]",{},1.0,1.0,1.0,1.0,1.0,1.0,0.7180733455782532,0.7180733455782532,1.0,not yet verified,0.0,not manually reviewed,0.5,0.7668073345578252,0.7668073345578252
lowe syndrome,Lowe Syndrome,1,"Vata, Pitta","[""symptoms"", ""doshas"", ""diet_and_lifestyle_recommendations"", ""prevention"", ""complications""]",{},1.0,1.0,1.0,1.0,1.0,1.0,0.6903631732191762,0.6903631732191762,1.0,not yet verified,0.0,not manually reviewed,0.5,0.7640363173219176,0.7640363173219176
lung cancer,Lung Cancer,1,Pitta,"[""symptoms"", ""doshas"", ""diet_and_lifestyle_recommendations"", ""prevention"", ""complications""]",{},1.0,1.0,1.0,1.0,1.0,1.0,0.3120595644442703,0.3120595644442703,1.0,not yet verified,0.0,not manually reviewed,0.5,0.726205956444427,0.726205956444427
lyme disease,Lyme Disease,1,"Vata, Pitta","[""symptoms"", ""doshas"", ""diet_and_lifestyle_recommendations"", ""prevention"", ""complications""]",{},1.0,1.0,1.0,1.0,1.0,1.0,0.7645998996057491,0.7645998996057491,1.0,not yet verified,0.0,not manually reviewed,0.5,0.7714599899605749,0.7714599899605749
lymphadenopathy,Lymphadenopathy,1,Pitta,"[""symptoms"", ""doshas"", ""diet_and_lifestyle_recommendations"", ""prevention"", ""complications""]",{},1.0,1.0,1.0,1.0,1.0,1.0,0.0555801473071017,0.0555801473071017,1.0,not yet verified,0.0,not manually reviewed,0.5,0.7005580147307101,0.7005580147307101
lymphatic filariasis,Lymphatic Filariasis,1,"Vata, Kapha","[""symptoms"", ""doshas"", ""diet_and_lifestyle_recommendations"", ""prevention"", ""complications""]",{},1.0,1.0,1.0,1.0,1.0,1.0,0.6482211156195913,0.6482211156195913,1.0,not yet verified,0.0,not manually reviewed,0.5,0.7598221115619591,0.7598221115619591
lymphoma,Lymphoma,2,"Pitta | Vata, Pitta","[""symptoms"", ""doshas"", ""diet_and_lifestyle_recommendations"", ""prevention"", ""complications""]",{},1.0,0.5,1.0,1.0,1.0,0.9999999999999999,0.06008904167846918,0.06008904167846918,0.9,not yet verified,0.0,not manually reviewed,0.5,0.6290089041678469,0.6290089041678469
maffucci syndrome,Maffucci Syndrome,1,Vata,"[""symptoms"", ""doshas"", ""diet_and_lifestyle_recommendations"", ""prevention"", ""complications""]",{},1.0,1.0,1.0,1.0,1.0,1.0,0.9262200075352347,0.9262200075352347,1.0,not yet verified,0.0,not manually reviewed,0.5,0.7876220007535234,0.7876220007535234
malaria,Malaria,2,Pitta,"[""symptoms"", ""doshas"", ""diet_and_lifestyle_recommendations"", ""prevention"", ""complications""]",{},1.0,1.0,1.0,1.0,1.0,0.2543164255971685,0.38019621052562314,0.38019621052562314,1.0,not yet verified,0.0,not manually reviewed,0.5,0.7330196210525622,0.7330196210525622
mansonelliasis,Mansonelliasis,1,Kapha,"[""symptoms"", ""doshas"", ""diet_and_lifestyle_recommendations"", ""prevention"", ""complications""]",{},1.0,1.0,1.0,1.0,1.0,1.0,0.550653768362337,0.550653768362337,1.0,not yet verified,0.0,not manually reviewed,0.5,0.7500653768362336,0.7500653768362336
maple syrup urine disease,Maple Syrup Urine Disease,1,"Vata, Kapha","[""symptoms"", ""doshas"", ""diet_and_lifestyle_recommendations"", ""prevention"", ""complications""]",{},1.0,1.0,1.0,1.0,1.0,1.0,0.575496420949023,0.575496420949023,1.0,not yet verified,0.0,not manually reviewed,0.5,0.7525496420949023,0.7525496420949023
marburg,Marburg,1,"Vata, Pitta","[""symptoms"", ""doshas"", ""diet_and_lifestyle_recommendations"", ""prevention"", ""complications""]",{},1.0,1.0,1.0,1.0,1.0,1.0,0.34130953764628713,0.34130953764628713,1.0,not yet verified,0.0,not manually reviewed,0.5,0.7291309537646287,0.7291309537646287
marburg virus disease,Marburg Virus Disease,1,"Vata, Pitta","[""symptoms"", ""doshas"", ""diet_and_lifestyle_recommendations"", ""prevention"", ""complications""]",{},1.0,1.0,1.0,1.0,1.0,1.0,0.4704940898596679,0.4704940898596679,1.0,not yet verified,0.0,not manually reviewed,0.5,0.7420494089859667,0.7420494089859667
marfan syndrome,Marfan Syndrome,1,Vata,"[""symptoms"", ""doshas"", ""diet_and_lifestyle_recommendations"", ""prevention"", ""complications""]",{},1.0,1.0,1.0,1.0,1.0,1.0,0.7165757926766014,0.7165757926766014,1.0,not yet verified,0.0,not manually reviewed,0.5,0.7666575792676601,0.7666575792676601
mccune albright syndrome,McCune-Albright Syndrome,1,"Vata, Pitta","[""symptoms"", ""doshas"", ""diet_and_lifestyle_recommendations"", ""prevention"", ""complications""]",{},1.0,1.0,1.0,1.0,1.0,1.0,0.8528769142635599,0.8528769142635599,1.0,not yet verified,0.0,not manually reviewed,0.5,0.780287691426356,0.780287691426356
measles,Measles,2,Pitta,"[""symptoms"", ""doshas"", ""diet_and_lifestyle_recommendations"", ""prevention"", ""complications""]",{},1.0,1.0,1.0,1.0,1.0,0.3376188405811771,0.6125952422860834,0.6125952422860834,1.0,not yet verified,0.0,not manually reviewed,0.5,0.7562595242286083,0.7562595242286083
melanoma,Melanoma,1,Pitta,"[""symptoms"", ""doshas"", ""diet_and_lifestyle_recommendations"", ""prevention"", ""complications""]",{},1.0,1.0,1.0,1.0,1.0,1.0,0.772581809942139,0.772581809942139,1.0,not yet verified,0.0,not manually reviewed,0.5,0.7722581809942138,0.7722581809942138
melioidosis,Melioidosis,1,Kapha,"[""symptoms"", ""doshas"", ""diet_and_lifestyle_recommendations"", ""prevention"", ""complications""]",{},1.0,1.0,1.0,1.0,1.0,1.0,0.5315174940302958,0.5315174940302958,1.0,not yet verified,0.0,not manually reviewed,0.5,0.7481517494030295,0.7481517494030295
meniere s disease,Meniere's Disease,1,Vata,"[""symptoms"", ""doshas"", ""diet_and_lifestyle_recommendations"", ""prevention"", ""complications""]",{},1.0,1.0,1.0,1.0,1.0,1.0,0.5896991381737691,0.5896991381737691,1.0,not yet verified,0.0,not manually reviewed,0.5,0.7539699138173769,0.7539699138173769
meningitis,Meningitis,1,Pitta,"[""symptoms"", ""doshas"", ""diet_and_lifestyle_recommendations"", ""prevention"", ""complications""]",{},1.0,1.0,1.0,1.0,1.0,1.0,0.5780164680126842,0.5780164680126842,1.0,not yet verified,0.0,not manually reviewed,0.5,0.7528016468012684,0.7528016468012684
menkes disease,Menkes Disease,1,"Vata, Pitta","[""symptoms"", ""doshas"", ""diet_and_lifestyle_recommendations"", ""prevention"", ""complications""]",{},1.0,1.0,1.0,1.0,1.0,1.0,0.7097481098669732,0.7097481098669732,1.0,not yet verified,0.0,not manually reviewed,0.5,0.7659748109866973,0.7659748109866973
menopause,Menopause,1,"Vata, Pitta","[""symptoms"", ""doshas"", ""diet_and_lifestyle_recommendations"", ""prevention"", ""complications""]",{},1.0,1.0,1.0,1.0,1.0,1.0,0.7383101808530892,0.7383101808530892,1.0,not yet verified,0.0,not manually reviewed,0.5,0.7688310180853088,0.7688310180853088
menstrual disorders,Menstrual Disorders,2,"Pitta | Vata, Pitta","[""symptoms"", ""doshas"", ""diet_and_lifestyle_recommendations"", ""prevention"", ""complications""]",{},1.0,0.5,1.0,1.0,1.0,0.28825378403927704,0.6538721041494746,0.6538721041494746,0.9,not yet verified,0.0,not manually reviewed,0.5,0.6883872104149474,0.6883872104149474
mental health disorders,Mental Health Disorders,1,"Vata, Pitta","[""symptoms"", ""doshas"", ""diet_and_lifestyle_recommendations"", ""prevention"", ""complications""]",{},1.0,1.0,1.0,1.0,1.0,1.0,0.7065513232037002,0.7065513232037002,1.0,not yet verified,0.0,not manually reviewed,0.5,0.76565513232037,0.76565513232037
mental stress,Mental Stress,1,"Vata, Pitta","[""symptoms"", ""doshas"", ""diet_and_lifestyle_recommendations"", ""prevention"", ""complications""]",{},1.0,1.0,1.0,1.0,1.0,1.0,0.7422176698482308,0.7422176698482308,1.0,not yet verified,0.0,not manually reviewed,0.5,0.769221766984823,0.769221766984823
metabolic syndrome,Metabolic Syndrome,1,"Pitta, Kapha","[""symptoms"", ""doshas"", ""diet_and_lifestyle_recommendations"", ""prevention"", ""complications""]",{},1.0,1.0,1.0,1.0,1.0,1.0,0.471199576468988,0.471199576468988,1.0,not yet verified,0.0,not manually reviewed,0.5,0.7421199576468988,0.7421199576468988
miller dieker syndrome,Miller-Dieker Syndrome,1,"Vata, Pitta","[""symptoms"", ""doshas"", ""diet_and_lifestyle_recommendations"", ""prevention"", ""complications""]",{},1.0,1.0,1.0,1.0,1.0,1.0,0.6766393649862026,0.6766393649862026,1.0,not yet verified,0.0,not manually reviewed,0.5,0.7626639364986202,0.7626639364986202
mitochondrial myopathy,Mitochondrial Myopathy,1,"Vata, Pitta","[""symptoms"", ""doshas"", ""diet_and_lifestyle_recommendations"", ""prevention"", ""complications""]",{},1.0,1.0,1.0,1.0,1.0,1.0,0.611623750519279,0.611623750519279,1.0,not yet verified,0.0,not manually reviewed,0.5,0.7561623750519278,0.7561623750519278
monkeypox,Monkeypox,1,"Vata, Kapha","[""symptoms"", ""doshas"", ""diet_and_lifestyle_recommendations"", ""prevention"", ""complications""]",{},1.0,1.0,1.0,1.0,1.0,1.0,0.4155341124888047,0.4155341124888047,1.0,not yet verified,0.0,not manually reviewed,0.5,0.7365534112488804,0.7365534112488804
mucolipidosis,Mucolipidosis,1,"Vata, Kapha","[""symptoms"", ""doshas"", ""diet_and_lifestyle_recommendations"", ""prevention"", ""complications""]",{},1.0,1.0,1.0,1.0,1.0,1.0,0.5432704342594259,0.5432704342594259,1.0,not yet verified,0.0,not manually reviewed,0.5,0.7493270434259426,0.7493270434259426
mucopolysaccharidosis,Mucopolysaccharidosis,1,"Vata, Pitta","[""symptoms"", ""doshas"", ""diet_and_lifestyle_recommendations"", ""prevention"", ""complications""]",{},1.0,1.0,1.0,1.0,1.0,1.0,0.7450411176278051,0.7450411176278051,1.0,not yet verified,0.0,not manually reviewed,0.5,0.7695041117627804,0.7695041117627804
multiple myeloma,Multiple Myeloma,1,Pitta,"[""symptoms"", ""doshas"", ""diet_and_lifestyle_recommendations"", ""prevention"", ""complications""]",{},1.0,1.0,1.0,1.0,1.0,1.0,0.617793253928354,0.617793253928354,1.0,not yet verified,0.0,not manually reviewed,0.5,0.7567793253928353,0.7567793253928353
multiple sclerosis,Multiple Sclerosis,2,"Vata | Vata, Pitta","[""symptoms"", ""doshas"", ""diet_and_lifestyle_recommendations"", ""prevention"", ""complications""]",{},1.0,0.5,1.0,1.0,1.0,0.29670081122577385,0.39337760951828804,0.39337760951828804,0.9,not yet verified,0.0,not manually reviewed,0.5,0.6623377609518288,0.6623377609518288
multiple sulfatase deficiency,Multiple Sulfatase Deficiency,1,"Vata, Pitta","[""symptoms"", ""doshas"", ""diet_and_lifestyle_recommendations"", ""prevention"", ""complications""]",{},1.0,1.0,1.0,1.0,1.0,1.0,0.5432704342594259,0.5432704342594259,1.0,not yet verified,0.0,not manually reviewed,0.5,0.7493270434259426,0.7493270434259426
muscular dystrophy,Muscular Dystrophy,1,Vata,"[""symptoms"", ""doshas"", ""diet_and_lifestyle_recommendations"", ""prevention"", ""complications""]",{},1.0,1.0,1.0,1.0,1.0,1.0,0.26448211255754595,0.26448211255754595,1.0,not yet verified,0.0,not manually reviewed,0.5,0.7214482112557545,0.7214482112557545
myasthenia gravis,Myasthenia Gravis,1,"Vata, Pitta","[""symptoms"", ""doshas"", ""diet_and_lifestyle_recommendations"", ""prevention"", ""complications""]",{},1.0,1.0,1.0,1.0,1.0,1.0,0.5722730400515806,0.5722730400515806,1.0,not yet verified,0.0,not manually reviewed,0.5,0.752227304005158,0.752227304005158
mycetoma,Mycetoma,1,Kapha,"[""symptoms"", ""doshas"", ""diet_and_lifestyle_recommendations"", ""prevention"", ""complications""]",{},1.0,1.0,1.0,1.0,1.0,1.0,0.6551270192729945,0.6551270192729945,1.0,not yet verified,0.0,not manually reviewed,0.5,0.7605127019272994,0.7605127019272994
myocardial infarction heart attack,Myocardial Infarction (Heart Attack),1,Vata,"[""symptoms"", ""doshas"", ""diet_and_lifestyle_recommendations"", ""prevention"", ""complications""]",{},1.0,1.0,1.0,1.0,1.0,1.0,0.2797235620054277,0.2797235620054277,1.0,not yet verified,0.0,not manually reviewed,0.5,0.7229723562005427,0.7229723562005427
myotonia congenita,Myotonia Congenita,1,"Vata, Pitta","[""symptoms"", ""doshas"", ""diet_and_lifestyle_recommendations"", ""prevention"", ""complications""]",{},1.0,1.0,1.0,1.0,1.0,1.0,0.7073667519069802,0.7073667519069802,1.0,not yet verified,0.0,not manually reviewed,0.5,0.765736675190698,0.765736675190698
naegleria infection,Naegleria Infection,1,Pitta,"[""symptoms"", ""doshas"", ""diet_and_lifestyle_recommendations"", ""prevention"", ""complications""]",{},1.0,1.0,1.0,1.0,1.0,1.0,0.5780164680126842,0.5780164680126842,1.0,not yet verified,0.0,not manually reviewed,0.5,0.7528016468012684,0.7528016468012684
nasal polyps,Nasal Polyps,1,Vata,"[""symptoms"", ""doshas"", ""diet_and_lifestyle_recommendations"", ""prevention"", ""complications""]",{},1.0,1.0,1.0,1.0,1.0,1.0,0.7030022652814589,0.7030022652814589,1.0,not yet verified,0.0,not manually reviewed,0.5,0.7653002265281459,0.7653002265281459
nephrotic syndrome,Nephrotic Syndrome,1,"Vata, Pitta","[""symptoms"", ""doshas"", ""diet_and_lifestyle_recommendations"", ""prevention"", ""complications""]",{},1.0,1.0,1.0,1.0,1.0,1.0,0.622673651734738,0.622673651734738,1.0,not yet verified,0.0,not manually reviewed,0.5,0.7572673651734737,0.7572673651734737
neurofibromatosis,Neurofibromatosis,1,"Vata, Pitta","[""symptoms"", ""doshas"", ""diet_and_lifestyle_recommendations"", ""prevention"", ""complications""]",{},1.0,1.0,1.0,1.0,1.0,1.0,0.8423680222488333,0.8423680222488333,1.0,not yet verified,0.0,not manually reviewed,0.5,0.7792368022248833,0.7792368022248833
neurotoxocariasis,Neurotoxocariasis,1,Kapha,"[""symptoms"", ""doshas"", ""diet_and_lifestyle_recommendations"", ""prevention"", ""complications""]",{},1.0,1.0,1.0,1.0,1.0,1.0,0.7008900804455855,0.7008900804455855,1.0,not yet verified,0.0,not manually reviewed,0.5,0.7650890080445585,0.7650890080445585
niemann pick disease,Niemann-Pick Disease,1,"Vata, Pitta","[""symptoms"", ""doshas"", ""diet_and_lifestyle_recommendations"", ""prevention"", ""complications""]",{},1.0,1.0,1.0,1.0,1.0,1.0,0.6404998762351343,0.6404998762351343,1.0,not yet verified,0.0,not manually reviewed,0.5,0.7590499876235134,0.7590499876235134
noonan syndrome,Noonan Syndrome,1,"Vata, Pitta","[""symptoms"", ""doshas"", ""diet_and_lifestyle_recommendations"", ""prevention"", ""complications""]",{},1.0,1.0,1.0,1.0,1.0,1.0,0.7165757926766014,0.7165757926766014,1.0,not yet verified,0.0,not manually reviewed,0.5,0.7666575792676601,0.7666575792676601
obesity,Obesity,2,"Kapha | Pitta, Kapha","[""symptoms"", ""doshas"", ""diet_and_lifestyle_recommendations"", ""prevention"", ""complications""]",{},1.0,0.5,1.0,1.0,1.0,0.06743557494279505,0.7741809508836346,0.7741809508836346,0.9,not yet verified,0.0,not manually reviewed,0.5,0.7004180950883635,0.7004180950883635
opistorchiasis,Opistorchiasis,1,"Pitta, Kapha","[""symptoms"", ""doshas"", ""diet_and_lifestyle_recommendations"", ""prevention"", ""complications""]",{},1.0,1.0,1.0,1.0,1.0,1.0,0.5418893803021678,0.5418893803021678,1.0,not yet verified,0.0,not manually reviewed,0.5,0.7491889380302167,0.7491889380302167
osteoarthritis,Osteoarthritis,1,"Vata, Kapha","[""symptoms"", ""doshas"", ""diet_and_lifestyle_recommendations"", ""prevention"", ""complications""]",{},1.0,1.0,1.0,1.0,1.0,1.0,0.2472536569451913,0.2472536569451913,1.0,not yet verified,0.0,not manually reviewed,0.5,0.7197253656945191,0.7197253656945191
osteogenesis imperfecta,Osteogenesis Imperfecta,1,"Vata, Pitta","[""symptoms"", ""doshas"", ""diet_and_lifestyle_recommendations"", ""prevention"", ""complications""]",{},1.0,1.0,1.0,1.0,1.0,1.0,0.7180376037149826,0.7180376037149826,1.0,not yet verified,0.0,not manually reviewed,0.5,0.7668037603714982,0.7668037603714982
osteopetrosis,Osteopetrosis,1,"Vata, Kapha","[""symptoms"", ""doshas"", ""diet_and_lifestyle_recommendations"", ""prevention"", ""complications""]",{},1.0,1.0,1.0,1.0,1.0,1.0,0.8046636164101062,0.8046636164101062,1.0,not yet verified,0.0,not manually reviewed,0.5,0.7754663616410106,0.7754663616410106
osteoporosis,Osteoporosis,2,Vata,"[""symptoms"", ""doshas"", ""diet_and_lifestyle_recommendations"", ""prevention"", ""complications""]",{},1.0,1.0,1.0,1.0,1.0,0.28825378403927704,0.7180376037149826,0.7180376037149826,1.0,not yet verified,0.0,not manually reviewed,0.5,0.7668037603714982,0.7668037603714982
pancreatic cancer,Pancreatic Cancer,1,"Vata, Pitta","[""symptoms"", ""doshas"", ""diet_and_lifestyle_recommendations"", ""prevention"", ""complications""]",{},1.0,1.0,1.0,1.0,1.0,1.0,0.490096811296027,0.490096811296027,1.0,not yet verified,0.0,not manually reviewed,0.5,0.7440096811296026,0.7440096811296026
pancreatitis,Pancreatitis,2,Pitta,"[""symptoms"", ""doshas"", ""diet_and_lifestyle_recommendations"", ""prevention"", ""complications""]",{},1.0,1.0,1.0,1.0,1.0,0.8336336389685021,0.39374250810301237,0.39374250810301237,1.0,not yet verified,0.0,not manually reviewed,0.5,0.7343742508103012,0.7343742508103012
paracoccidioidomycosis,Paracoccidioidomycosis,1,Pitta,"[""symptoms"", ""doshas"", ""diet_and_lifestyle_recommendations"", ""prevention"", ""complications""]",{},1.0,1.0,1.0,1.0,1.0,1.0,0.6401163287393372,0.6401163287393372,1.0,not yet verified,0.0,not manually reviewed,0.5,0.7590116328739337,0.7590116328739337
parkinson s disease,Parkinson's Disease,2,"Vata, Pitta","[""symptoms"", ""doshas"", ""diet_and_lifestyle_recommendations"", ""prevention"", ""complications""]",{},1.0,1.0,1.0,1.0,1.0,0.5070299872061633,0.8772390213872924,0.8772390213872924,1.0,not yet verified,0.0,not manually reviewed,0.5,0.7827239021387292,0.7827239021387292
pelvic floor disorders,Pelvic Floor Disorders,1,"Vata, Kapha","[""symptoms"", ""doshas"", ""diet_and_lifestyle_recommendations"", ""prevention"", ""complications""]",{},1.0,1.0,1.0,1.0,1.0,1.0,0.8067403763476635,0.8067403763476635,1.0,not yet verified,0.0,not manually reviewed,0.5,0.7756740376347663,0.7756740376347663
peptic ulcers,Peptic Ulcers,2,Pitta,"[""symptoms"", ""doshas"", ""diet_and_lifestyle_recommendations"", ""prevention"", ""complications""]",{},1.0,1.0,1.0,1.0,1.0,0.23577033983032974,0.5894898180319139,0.5894898180319139,1.0,not yet verified,0.0,not manually reviewed,0.5,0.7539489818031914,0.7539489818031914
peripheral artery disease,Peripheral Artery Disease,1,"Vata, Pitta","[""symptoms"", ""doshas"", ""diet_and_lifestyle_recommendations"", ""prevention"", ""complications""]",{},1.0,1.0,1.0,1.0,1.0,1.0,0.9078869553693032,0.9078869553693032,1.0,not yet verified,0.0,not manually reviewed,0.5,0.7857886955369303,0.7857886955369303
peutz jeghers syndrome,Peutz-Jeghers Syndrome,1,"Vata, Pitta","[""symptoms"", ""doshas"", ""diet_and_lifestyle_recommendations"", ""prevention"", ""complications""]",{},1.0,1.0,1.0,1.0,1.0,1.0,0.8891500315792479,0.8891500315792479,1.0,not yet verified,0.0,not manually reviewed,0.5,0.7839150031579247,0.7839150031579247
pfeiffer syndrome,Pfeiffer Syndrome,1,"Vata, Pitta","[""symptoms"", ""doshas"", ""diet_and_lifestyle_recommendations"", ""prevention"", ""complications""]",{},1.0,1.0,1.0,1.0,1.0,1.0,0.6561608351328021,0.6561608351328021,1.0,not yet verified,0.0,not manually reviewed,0.5,0.7606160835132801,0.7606160835132801
phenylketonuria pku,Phenylketonuria (PKU),1,"Vata, Pitta","[""symptoms"", ""doshas"", ""diet_and_lifestyle_recommendations"", ""prevention"", ""complications""]",{},1.0,1.0,1.0,1.0,1.0,1.0,0.5552876212834925,0.5552876212834925,1.0,not yet verified,0.0,not manually reviewed,0.5,0.7505287621283492,0.7505287621283492
pinta,Pinta,1,Pitta,"[""symptoms"", ""doshas"", ""diet_and_lifestyle_recommendations"", ""prevention"", ""complications""]",{},1.0,1.0,1.0,1.0,1.0,1.0,0.5286423555774444,0.5286423555774444,1.0,not yet verified,0.0,not manually reviewed,0.5,0.7478642355577444,0.7478642355577444
pneumocystis pneumonia,Pneumocystis Pneumonia,2,Pitta,"[""symptoms"", ""doshas"", ""diet_and_lifestyle_recommendations"", ""prevention"", ""complications""]",{},1.0,1.0,1.0,1.0,1.0,0.5332087607532633,0.2793674982165305,0.2793674982165305,1.0,not yet verified,0.0,not manually reviewed,0.5,0.722936749821653,0.722936749821653
pneumonia,Pneumonia,2,"Vata | Vata, Pitta","[""symptoms"", ""doshas"", ""diet_and_lifestyle_recommendations"", ""prevention"", ""complications""]",{},1.0,0.5,1.0,1.0,1.0,0.3381735228927155,0.20717072262368907,0.20717072262368907,0.9,not yet verified,0.0,not manually reviewed,0.5,0.643717072262369,0.643717072262369
pneumonic plague,Pneumonic Plague,1,Pitta,"[""symptoms"", ""doshas"", ""diet_and_lifestyle_recommendations"", ""prevention"", ""complications""]",{},1.0,1.0,1.0,1.0,1.0,1.0,0.32287163182290834,0.32287163182290834,1.0,not yet verified,0.0,not manually reviewed,0.5,0.7272871631822908,0.7272871631822908
polio,Polio,1,"Vata, Pitta","[""symptoms"", ""doshas"", ""diet_and_lifestyle_recommendations"", ""prevention"", ""complications""]",{},1.0,1.0,1.0,1.0,1.0,1.0,0.703740115171677,0.703740115171677,1.0,not yet verified,0.0,not manually reviewed,0.5,0.7653740115171677,0.7653740115171677
polycystic kidney disease,Polycystic Kidney Disease,1,"Vata, Pitta","[""symptoms"", ""doshas"", ""diet_and_lifestyle_recommendations"", ""prevention"", ""complications""]",{},1.0,1.0,1.0,1.0,1.0,1.0,0.5564724352623571,0.5564724352623571,1.0,not yet verified,0.0,not manually reviewed,0.5,0.7506472435262357,0.7506472435262357
polycystic ovary syndrome pcos,Polycystic Ovary Syndrome (PCOS),1,"Vata, Pitta","[""symptoms"", ""doshas"", ""diet_and_lifestyle_recommendations"", ""prevention"", ""complications""]",{},1.0,1.0,1.0,1.0,1.0,1.0,0.6719870437580027,0.6719870437580027,1.0,not yet verified,0.0,not manually reviewed,0.5,0.7621987043758002,0.7621987043758002
polycythemia vera,Polycythemia Vera,1,Pitta,"[""symptoms"", ""doshas"", ""diet_and_lifestyle_recommendations"", ""prevention"", ""complications""]",{},1.0,1.0,1.0,1.0,1.0,1.0,0.7778763480755557,0.7778763480755557,1.0,not yet verified,0.0,not manually reviewed,0.5,0.7727876348075555,0.7727876348075555
porphyria,Porphyria,1,"Vata, Pitta","[""symptoms"", ""doshas"", ""diet_and_lifestyle_recommendations"", ""prevention"", ""complications""]",{},1.0,1.0,1.0,1.0,1.0,1.0,0.6946192048660972,0.6946192048660972,1.0,not yet verified,0.0,not manually reviewed,0.5,0.7644619204866097,0.7644619204866097
post traumatic stress disorder ptsd,Post-Traumatic Stress Disorder (PTSD),1,Vata,"[""symptoms"", ""doshas"", ""diet_and_lifestyle_recommendations"", ""prevention"", ""complications""]",{},1.0,1.0,1.0,1.0,1.0,1.0,0.7248054547099728,0.7248054547099728,1.0,not yet verified,0.0,not manually reviewed,0.5,0.7674805454709972,0.7674805454709972
prader willi syndrome,Prader-Willi Syndrome,1,"Vata, Pitta","[""symptoms"", ""doshas"", ""diet_and_lifestyle_recommendations"", ""prevention"", ""complications""]",{},1.0,1.0,1.0,1.0,1.0,1.0,0.7760361127558125,0.7760361127558125,1.0,not yet verified,0.0,not manually reviewed,0.5,0.7726036112755812,0.7726036112755812
primary ciliary dyskinesia,Primary Ciliary Dyskinesia,1,"Vata, Kapha","[""symptoms"", ""doshas"", ""diet_and_lifestyle_recommendations"", ""prevention"", ""complications""]",{},1.0,1.0,1.0,1.0,1.0,1.0,0.8317781243736768,0.8317781243736768,1.0,not yet verified,0.0,not manually reviewed,0.5,0.7781778124373676,0.7781778124373676
prostate cancer,Prostate Cancer,2,"Pitta | Vata, Pitta","[""symptoms"", ""doshas"", ""diet_and_lifestyle_recommendations"", ""prevention"", ""complications""]",{},1.0,0.5,1.0,1.0,1.0,0.14504048225875948,0.5011648433501019,0.5011648433501019,0.9,not yet verified,0.0,not manually reviewed,0.5,0.6731164843350103,0.6731164843350103
prostate enlargement benign prostatic hyperplasia,Prostate Enlargement (Benign Prostatic Hyperplasia),1,Vata,"[""symptoms"", ""doshas"", ""diet_and_lifestyle_recommendations"", ""prevention"", ""complications""]",{},1.0,1.0,1.0,1.0,1.0,1.0,0.681549960474882,0.681549960474882,1.0,not yet verified,0.0,not manually reviewed,0.5,0.7631549960474882,0.7631549960474882
psoriasis,Psoriasis,2,Pitta,"[""symptoms"", ""doshas"", ""diet_and_lifestyle_recommendations"", ""prevention"", ""complications""]",{},1.0,1.0,1.0,1.0,1.0,0.25431642559716855,0.6869908089310497,0.6869908089310497,1.0,not yet verified,0.0,not manually reviewed,0.5,0.7636990808931049,0.7636990808931049
pulmonary hypertension,Pulmonary Hypertension,1,"Vata, Pitta","[""symptoms"", ""doshas"", ""diet_and_lifestyle_recommendations"", ""prevention"", ""complications""]",{},1.0,1.0,1.0,1.0,1.0,1.0,0.15861186337636024,0.15861186337636024,1.0,not yet verified,0.0,not manually reviewed,0.5,0.710861186337636,0.710861186337636
q fever,Q Fever,1,Pitta,"[""symptoms"", ""doshas"", ""diet_and_lifestyle_recommendations"", ""prevention"", ""complications""]",{},1.0,1.0,1.0,1.0,1.0,1.0,0.38019621052562314,0.38019621052562314,1.0,not yet verified,0.0,not manually reviewed,0.5,0.7330196210525622,0.7330196210525622
raynaud s disease,Raynaud's Disease,1,Vata,"[""symptoms"", ""doshas"", ""diet_and_lifestyle_recommendations"", ""prevention"", ""complications""]",{},1.0,1.0,1.0,1.0,1.0,1.0,0.8536778987456635,0.8536778987456635,1.0,not yet verified,0.0,not manually reviewed,0.5,0.7803677898745663,0.7803677898745663
relapsing fever,Relapsing Fever,1,Pitta,"[""symptoms"", ""doshas"", ""diet_and_lifestyle_recommendations"", ""prevention"", ""complications""]",{},1.0,1.0,1.0,1.0,1.0,1.0,0.7385795195361748,0.7385795195361748,1.0,not yet verified,0.0,not manually reviewed,0.5,0.7688579519536174,0.7688579519536174
respiratory issues,Respiratory Issues,1,"Vata, Kapha","[""symptoms"", ""doshas"", ""diet_and_lifestyle_recommendations"", ""prevention"", ""complications""]",{},1.0,1.0,1.0,1.0,1.0,1.0,0.4694068383025699,0.4694068383025699,1.0,not yet verified,0.0,not manually reviewed,0.5,0.7419406838302569,0.7419406838302569
rett syndrome,Rett Syndrome,1,"Vata, Pitta","[""symptoms"", ""doshas"", ""diet_and_lifestyle_recommendations"", ""prevention"", ""complications""]",{},1.0,1.0,1.0,1.0,1.0,1.0,0.4518980321398368,0.4518980321398368,1.0,not yet verified,0.0,not manually reviewed,0.5,0.7401898032139836,0.7401898032139836
rheumatic heart disease,Rheumatic Heart Disease,1,"Vata, Kapha","[""symptoms"", ""doshas"", ""diet_and_lifestyle_recommendations"", ""prevention"", ""complications""]",{},1.0,1.0,1.0,1.0,1.0,1.0,0.6281499821882441,0.6281499821882441,1.0,not yet verified,0.0,not manually reviewed,0.5,0.7578149982188244,0.7578149982188244
rheumatoid arthritis,Rheumatoid Arthritis,2,"Vata | Vata, Kapha","[""symptoms"", ""doshas"", ""diet_and_lifestyle_recommendations"", ""prevention"", ""complications""]",{},1.0,0.5,1.0,1.0,1.0,0.5031026124151314,0.2472536569451913,0.2472536569451913,0.9,not yet verified,0.0,not manually reviewed,0.5,0.6477253656945191,0.6477253656945191
rickettsial diseases,Rickettsial Diseases,1,Pitta,"[""symptoms"", ""doshas"", ""diet_and_lifestyle_recommendations"", ""prevention"", ""complications""]",{},1.0,1.0,1.0,1.0,1.0,1.0,0.0,0.0,1.0,not yet verified,0.0,not manually reviewed,0.5,0.695,0.695
rift valley fever,Rift Valley Fever,1,"Vata, Pitta","[""symptoms"", ""doshas"", ""diet_and_lifestyle_recommendations"", ""prevention"", ""complications""]",{},1.0,1.0,1.0,1.0,1.0,1.0,0.3911138360540828,0.3911138360540828,1.0,not yet verified,0.0,not manually reviewed,0.5,0.7341113836054082,0.7341113836054082
rocky mountain spotted fever,Rocky Mountain Spotted Fever,1,Pitta,"[""symptoms"", ""doshas"", ""diet_and_lifestyle_recommendations"", ""prevention"", ""complications""]",{},1.0,1.0,1.0,1.0,1.0,1.0,0.21607863230304314,0.21607863230304314,1.0,not yet verified,0.0,not manually reviewed,0.5,0.7166078632303042,0.7166078632303042
schistosomiasis,Schistosomiasis,1,Pitta,"[""symptoms"", ""doshas"", ""diet_and_lifestyle_recommendations"", ""prevention"", ""complications""]",{},1.0,1.0,1.0,1.0,1.0,1.0,0.332267101580071,0.332267101580071,1.0,not yet verified,0.0,not manually reviewed,0.5,0.728226710158007,0.728226710158007
sciatica,Sciatica,1,Vata,"[""symptoms"", ""doshas"", ""diet_and_lifestyle_recommendations"", ""prevention"", ""complications""]",{},1.0,1.0,1.0,1.0,1.0,1.0,0.8367193759214432,0.8367193759214432,1.0,not yet verified,0.0,not manually reviewed,0.5,0.7786719375921443,0.7786719375921443
seborrheic dermatitis,Seborrheic Dermatitis,1,Pitta,"[""symptoms"", ""doshas"", ""diet_and_lifestyle_recommendations"", ""prevention"", ""complications""]",{},1.0,1.0,1.0,1.0,1.0,1.0,0.512338987286725,0.512338987286725,1.0,not yet verified,0.0,not manually reviewed,0.5,0.7462338987286724,0.7462338987286724
septicemic plague,Septicemic Plague,1,Pitta,"[""symptoms"", ""doshas"", ""diet_and_lifestyle_recommendations"", ""prevention"", ""complications""]",{},1.0,1.0,1.0,1.0,1.0,1.0,0.2846754628119348,0.2846754628119348,1.0,not yet verified,0.0,not manually reviewed,0.5,0.7234675462811935,0.7234675462811935
sickle cell anemia,Sickle Cell Anemia,2,"Kapha | Vata, Pitta","[""symptoms"", ""doshas"", ""diet_and_lifestyle_recommendations"", ""prevention"", ""complications""]",{},1.0,0.5,1.0,1.0,1.0,0.2797924823881359,0.6134543986486894,0.6134543986486894,0.9,not yet verified,0.0,not manually reviewed,0.5,0.684345439864869,0.684345439864869
sinusitis,Sinusitis,1,Vata,"[""symptoms"", ""doshas"", ""diet_and_lifestyle_recommendations"", ""prevention"", ""complications""]",{},1.0,1.0,1.0,1.0,1.0,1.0,0.21667619695066698,0.21667619695066698,1.0,not yet verified,0.0,not manually reviewed,0.5,0.7166676196950666,0.7166676196950666
sjogren s syndrome,Sjogren's Syndrome,1,"Vata, Pitta","[""symptoms"", ""doshas"", ""diet_and_lifestyle_recommendations"", ""prevention"", ""complications""]",{},1.0,1.0,1.0,1.0,1.0,1.0,0.7336808132260407,0.7336808132260407,1.0,not yet verified,0.0,not manually reviewed,0.5,0.768368081322604,0.768368081322604
skin allergy,Skin Allergy,1,Pitta,"[""symptoms"", ""doshas"", ""diet_and_lifestyle_recommendations"", ""prevention"", ""complications""]",{},1.0,1.0,1.0,1.0,1.0,1.0,0.8322840740101997,0.8322840740101997,1.0,not yet verified,0.0,not manually reviewed,0.5,0.77822840740102,0.77822840740102
skin cancer melanoma,Skin Cancer (Melanoma),2,Pitta,"[""symptoms"", ""doshas"", ""diet_and_lifestyle_recommendations"", ""prevention"", ""complications""]",{},1.0,1.0,1.0,1.0,1.0,0.10112251282501054,0.772581809942139,0.772581809942139,1.0,not yet verified,0.0,not manually reviewed,0.5,0.7722581809942138,0.7722581809942138
skin diseases,Skin Diseases,1,Pitta,"[""symptoms"", ""doshas"", ""diet_and_lifestyle_recommendations"", ""prevention"", ""complications""]",{},1.0,1.0,1.0,1.0,1.0,1.0,0.751017662217568,0.751017662217568,1.0,not yet verified,0.0,not manually reviewed,0.5,0.7701017662217567,0.7701017662217567
skin infections,Skin Infections,1,Pitta,"[""symptoms"", ""doshas"", ""diet_and_lifestyle_recommendations"", ""prevention"", ""complications""]",{},1.0,1.0,1.0,1.0,1.0,1.0,0.649928635779058,0.649928635779058,1.0,not yet verified,0.0,not manually reviewed,0.5,0.7599928635779057,0.7599928635779057
skin infections bacterial fungal viral,"Skin Infections (Bacterial, Fungal, Viral)",1,Pitta,"[""symptoms"", ""doshas"", ""diet_and_lifestyle_recommendations"", ""prevention"", ""complications""]",{},1.0,1.0,1.0,1.0,1.0,1.0,0.2148753706645884,0.2148753706645884,1.0,not yet verified,0.0,not manually reviewed,0.5,0.7164875370664588,0.7164875370664588
sleep apnea,Sleep Apnea,2,"Vata | Vata, Kapha","[""symptoms"", ""doshas"", ""diet_and_lifestyle_recommendations"", ""prevention"", ""complications""]",{},1.0,0.5,1.0,1.0,1.0,0.23009575785838723,0.9137487427566828,0.9137487427566828,0.9,not yet verified,0.0,not manually reviewed,0.5,0.7143748742756683,0.7143748742756683
sleeping sickness trypanosomiasis,Sleeping Sickness (Trypanosomiasis),1,Pitta,"[""symptoms"", ""doshas"", ""diet_and_lifestyle_recommendations"", ""prevention"", ""complications""]",{},1.0,1.0,1.0,1.0,1.0,1.0,0.4186454363576685,0.4186454363576685,1.0,not yet verified,0.0,not manually reviewed,0.5,0.7368645436357668,0.7368645436357668
sparganosis,Sparganosis,1,"Vata, Kapha","[""symptoms"", ""doshas"", ""diet_and_lifestyle_recommendations"", ""prevention"", ""complications""]",{},1.0,1.0,1.0,1.0,1.0,1.0,0.7370707475485361,0.7370707475485361,1.0,not yet verified,0.0,not manually reviewed,0.5,0.7687070747548536,0.7687070747548536
spinal cord injury,Spinal Cord Injury,1,Vata,"[""symptoms"", ""doshas"", ""diet_and_lifestyle_recommendations"", ""prevention"", ""complications""]",{},1.0,1.0,1.0,1.0,1.0,1.0,0.80722823139618,0.80722823139618,1.0,not yet verified,0.0,not manually reviewed,0.5,0.7757228231396179,0.7757228231396179
spondylosis,Spondylosis,1,Vata,"[""symptoms"", ""doshas"", ""diet_and_lifestyle_recommendations"", ""prevention"", ""complications""]",{},1.0,1.0,1.0,1.0,1.0,1.0,0.8086728621283577,0.8086728621283577,1.0,not yet verified,0.0,not manually reviewed,0.5,0.7758672862128357,0.7758672862128357
stomach cancer,Stomach Cancer,1,Pitta,"[""symptoms"", ""doshas"", ""diet_and_lifestyle_recommendations"", ""prevention"", ""complications""]",{},1.0,1.0,1.0,1.0,1.0,1.0,0.49170733682705803,0.49170733682705803,1.0,not yet verified,0.0,not manually reviewed,0.5,0.7441707336827058,0.7441707336827058
strep throat,Strep Throat,1,Pitta,"[""symptoms"", ""doshas"", ""diet_and_lifestyle_recommendations"", ""prevention"", ""complications""]",{},1.0,1.0,1.0,1.0,1.0,1.0,0.4155341124888047,0.4155341124888047,1.0,not yet verified,0.0,not manually reviewed,0.5,0.7365534112488804,0.7365534112488804
stress,Stress,1,Vata,"[""symptoms"", ""doshas"", ""diet_and_lifestyle_recommendations"", ""prevention"", ""complications""]",{},1.0,1.0,1.0,1.0,1.0,1.0,0.7422176698482308,0.7422176698482308,1.0,not yet verified,0.0,not manually reviewed,0.5,0.769221766984823,0.769221766984823
stroke,Stroke,2,"Vata | Vata, Pitta","[""symptoms"", ""doshas"", ""diet_and_lifestyle_recommendations"", ""prevention"", ""complications""]",{},1.0,0.5,1.0,1.0,1.0,0.4588561814070862,0.7447696923628214,0.7447696923628214,0.9,not yet verified,0.0,not manually reviewed,0.5,0.6974769692362821,0.6974769692362821
strongyloidiasis,Strongyloidiasis,1,"Vata, Pitta","[""symptoms"", ""doshas"", ""diet_and_lifestyle_recommendations"", ""prevention"", ""complications""]",{},1.0,1.0,1.0,1.0,1.0,1.0,0.5750684997875789,0.5750684997875789,1.0,not yet verified,0.0,not manually reviewed,0.5,0.7525068499787578,0.7525068499787578
systemic lupus erythematosus sle,Systemic Lupus Erythematosus (SLE),1,Pitta,"[""symptoms"", ""doshas"", ""diet_and_lifestyle_recommendations"", ""prevention"", ""complications""]",{},1.0,1.0,1.0,1.0,1.0,1.0,0.38488542125479774,0.38488542125479774,1.0,not yet verified,0.0,not manually reviewed,0.5,0.7334885421254798,0.7334885421254798
talaromycosis,Talaromycosis,1,"Vata, Kapha","[""symptoms"", ""doshas"", ""diet_and_lifestyle_recommendations"", ""prevention"", ""complications""]",{},1.0,1.0,1.0,1.0,1.0,1.0,0.34369674752325163,0.34369674752325163,1.0,not yet verified,0.0,not manually reviewed,0.5,0.7293696747523252,0.7293696747523252
tay sachs disease,Tay-Sachs Disease,1,"Vata, Pitta","[""symptoms"", ""doshas"", ""diet_and_lifestyle_recommendations"", ""prevention"", ""complications""]",{},1.0,1.0,1.0,1.0,1.0,1.0,0.4518980321398368,0.4518980321398368,1.0,not yet verified,0.0,not manually reviewed,0.5,0.7401898032139836,0.7401898032139836
tendinitis,Tendinitis,1,"Vata, Pitta","[""symptoms"", ""doshas"", ""diet_and_lifestyle_recommendations"", ""prevention"", ""complications""]",{},1.0,1.0,1.0,1.0,1.0,1.0,0.6946316274300957,0.6946316274300957,1.0,not yet verified,0.0,not manually reviewed,0.5,0.7644631627430095,0.7644631627430095
testicular cancer,Testicular Cancer,1,Pitta,"[""symptoms"", ""doshas"", ""diet_and_lifestyle_recommendations"", ""prevention"", ""complications""]",{},1.0,1.0,1.0,1.0,1.0,1.0,0.7897867387610567,0.7897867387610567,1.0,not yet verified,0.0,not manually reviewed,0.5,0.7739786738761056,0.7739786738761056
thyroid disorders,Thyroid Disorders,1,"Vata, Pitta","[""symptoms"", ""doshas"", ""diet_and_lifestyle_recommendations"", ""prevention"", ""complications""]",{},1.0,1.0,1.0,1.0,1.0,1.0,0.7268963511002585,0.7268963511002585,1.0,not yet verified,0.0,not manually reviewed,0.5,0.7676896351100259,0.7676896351100259
tinnitus,Tinnitus,1,Vata,"[""symptoms"", ""doshas"", ""diet_and_lifestyle_recommendations"", ""prevention"", ""complications""]",{},1.0,1.0,1.0,1.0,1.0,1.0,0.5896991381737691,0.5896991381737691,1.0,not yet verified,0.0,not manually reviewed,0.5,0.7539699138173769,0.7539699138173769
toxocariasis,Toxocariasis,1,Pitta,"[""symptoms"", ""doshas"", ""diet_and_lifestyle_recommendations"", ""prevention"", ""complications""]",{},1.0,1.0,1.0,1.0,1.0,1.0,0.5707626557637502,0.5707626557637502,1.0,not yet verified,0.0,not manually reviewed,0.5,0.752076265576375,0.752076265576375
toxoplasmosis,Toxoplasmosis,1,"Vata, Pitta","[""symptoms"", ""doshas"", ""diet_and_lifestyle_recommendations"", ""prevention"", ""complications""]",{},1.0,1.0,1.0,1.0,1.0,1.0,0.7767305533058126,0.7767305533058126,1.0,not yet verified,0.0,not manually reviewed,0.5,0.7726730553305813,0.7726730553305813
trachoma,Trachoma,1,Pitta,"[""symptoms"", ""doshas"", ""diet_and_lifestyle_recommendations"", ""prevention"", ""complications""]",{},1.0,1.0,1.0,1.0,1.0,1.0,0.5777748695552046,0.5777748695552046,1.0,not yet verified,0.0,not manually reviewed,0.5,0.7527774869555204,0.7527774869555204
trichinellosis,Trichinellosis,1,"Vata, Kapha","[""symptoms"", ""doshas"", ""diet_and_lifestyle_recommendations"", ""prevention"", ""complications""]",{},1.0,1.0,1.0,1.0,1.0,1.0,0.5862604628825693,0.5862604628825693,1.0,not yet verified,0.0,not manually reviewed,0.5,0.7536260462882569,0.7536260462882569
trichuriasis,Trichuriasis,1,"Vata, Pitta","[""symptoms"", ""doshas"", ""diet_and_lifestyle_recommendations"", ""prevention"", ""complications""]",{},1.0,1.0,1.0,1.0,1.0,1.0,4.440892098500626e-16,4.440892098500626e-16,1.0,not yet verified,0.0,not manually reviewed,0.5,0.695,0.695
tuberculosis,Tuberculosis,3,Pitta,"[""symptoms"", ""doshas"", ""diet_and_lifestyle_recommendations"", ""prevention"", ""complications""]",{},1.0,1.0,1.0,1.0,1.0,0.29566481407392714,0.49693045965165117,0.49693045965165117,1.0,not yet verified,0.0,not manually reviewed,0.5,0.7446930459651651,0.7446930459651651
tularemia,Tularemia,1,"Vata, Pitta","[""symptoms"", ""doshas"", ""diet_and_lifestyle_recommendations"", ""prevention"", ""complications""]",{},1.0,1.0,1.0,1.0,1.0,1.0,0.4186454363576685,0.4186454363576685,1.0,not yet verified,0.0,not manually reviewed,0.5,0.7368645436357668,0.7368645436357668
tungiasis,Tungiasis,1,Pitta,"[""symptoms"", ""doshas"", ""diet_and_lifestyle_recommendations"", ""prevention"", ""complications""]",{},1.0,1.0,1.0,1.0,1.0,1.0,0.7228702626764817,0.7228702626764817,1.0,not yet verified,0.0,not manually reviewed,0.5,0.7672870262676481,0.7672870262676481
type 1 diabetes,Type 1 Diabetes,1,"Pitta, Kapha","[""symptoms"", ""doshas"", ""diet_and_lifestyle_recommendations"", ""prevention"", ""complications""]",{},1.0,1.0,1.0,1.0,1.0,1.0,0.5775978202256183,0.5775978202256183,1.0,not yet verified,0.0,not manually reviewed,0.5,0.7527597820225618,0.7527597820225618
typhus,Typhus,1,Pitta,"[""symptoms"", ""doshas"", ""diet_and_lifestyle_recommendations"", ""prevention"", ""complications""]",{},1.0,1.0,1.0,1.0,1.0,1.0,0.0,0.0,1.0,not yet verified,0.0,not manually reviewed,0.5,0.695,0.695
ulcerative colitis,Ulcerative Colitis,1,"Vata, Pitta","[""symptoms"", ""doshas"", ""diet_and_lifestyle_recommendations"", ""prevention"", ""complications""]",{},1.0,1.0,1.0,1.0,1.0,1.0,4.440892098500626e-16,4.440892098500626e-16,1.0,not yet verified,0.0,not manually reviewed,0.5,0.695,0.695
urinary tract infections utis,Urinary Tract Infections (UTIs),1,Pitta,"[""symptoms"", ""doshas"", ""diet_and_lifestyle_recommendations"", ""prevention"", ""complications""]",{},1.0,1.0,1.0,1.0,1.0,1.0,0.1608176804586413,0.1608176804586413,1.0,not yet verified,0.0,not manually reviewed,0.5,0.7110817680458641,0.7110817680458641
varicose veins,Varicose Veins,1,Vata,"[""symptoms"", ""doshas"", ""diet_and_lifestyle_recommendations"", ""prevention"", ""complications""]",{},1.0,1.0,1.0,1.0,1.0,1.0,0.7755784363174225,0.7755784363174225,1.0,not yet verified,0.0,not manually reviewed,0.5,0.7725578436317422,0.7725578436317422
viral infections,Viral Infections,1,Pitta,"[""symptoms"", ""doshas"", ""diet_and_lifestyle_recommendations"", ""prevention"", ""complications""]",{},1.0,1.0,1.0,1.0,1.0,1.0,0.6191689658651034,0.6191689658651034,1.0,not yet verified,0.0,not manually reviewed,0.5,0.7569168965865103,0.7569168965865103
vitiligo,Vitiligo,1,Pitta,"[""symptoms"", ""doshas"", ""diet_and_lifestyle_recommendations"", ""prevention"", ""complications""]",{},1.0,1.0,1.0,1.0,1.0,1.0,0.7012533826122092,0.7012533826122092,1.0,not yet verified,0.0,not manually reviewed,0.5,0.7651253382612209,0.7651253382612209
weight gain,Weight Gain,1,Kapha,"[""symptoms"", ""doshas"", ""diet_and_lifestyle_recommendations"", ""prevention"", ""complications""]",{},1.0,1.0,1.0,1.0,1.0,1.0,0.5489257284174094,0.5489257284174094,1.0,not yet verified,0.0,not manually reviewed,0.5,0.7498925728417409,0.7498925728417409
west nile virus,West Nile Virus,1,Pitta,"[""symptoms"", ""doshas"", ""diet_and_lifestyle_recommendations"", ""prevention"", ""complications""]",{},1.0,1.0,1.0,1.0,1.0,1.0,0.5445931885989482,0.5445931885989482,1.0,not yet verified,0.0,not manually reviewed,0.5,0.7494593188598948,0.7494593188598948
whipple s disease,Whipple's Disease,1,Vata,"[""symptoms"", ""doshas"", ""diet_and_lifestyle_recommendations"", ""prevention"", ""complications""]",{},1.0,1.0,1.0,1.0,1.0,1.0,0.490096811296027,0.490096811296027,1.0,not yet verified,0.0,not manually reviewed,0.5,0.7440096811296026,0.7440096811296026
wilson s disease,Wilson's Disease,2,Pitta,"[""symptoms"", ""doshas"", ""diet_and_lifestyle_recommendations"", ""prevention"", ""complications""]",{},1.0,1.0,1.0,1.0,1.0,0.33909949983813864,0.8137960429707415,0.8137960429707415,1.0,not yet verified,0.0,not manually reviewed,0.5,0.7763796042970741,0.7763796042970741
worm infections,Worm Infections,1,Vata,"[""symptoms"", ""doshas"", ""diet_and_lifestyle_recommendations"", ""prevention"", ""complications""]",{},1.0,1.0,1.0,1.0,1.0,1.0,0.40266311136323507,0.40266311136323507,1.0,not yet verified,0.0,not manually reviewed,0.5,0.7352663111363235,0.7352663111363235
yaws,Yaws,1,Pitta,"[""symptoms"", ""doshas"", ""diet_and_lifestyle_recommendations"", ""prevention"", ""complications""]",{},1.0,1.0,1.0,1.0,1.0,1.0,0.4458098055081203,0.4458098055081203,1.0,not yet verified,0.0,not manually reviewed,0.5,0.739580980550812,0.739580980550812
yeast infections,Yeast Infections,1,Pitta,"[""symptoms"", ""doshas"", ""diet_and_lifestyle_recommendations"", ""prevention"", ""complications""]",{},1.0,1.0,1.0,1.0,1.0,1.0,0.2148753706645884,0.2148753706645884,1.0,not yet verified,0.0,not manually reviewed,0.5,0.7164875370664588,0.7164875370664588
zika virus,Zika Virus,2,Pitta | Vata,"[""symptoms"", ""doshas"", ""diet_and_lifestyle_recommendations"", ""prevention"", ""complications""]",{},1.0,0.5,1.0,1.0,1.0,1.0000000000000002,0.44854840526430495,0.44854840526430495,0.9,not yet verified,0.0,not manually reviewed,0.5,0.6678548405264305,0.6678548405264305
zoonotic infections,Zoonotic Infections,1,Pitta,"[""symptoms"", ""doshas"", ""diet_and_lifestyle_recommendations"", ""prevention"", ""complications""]",{},1.0,1.0,1.0,1.0,1.0,1.0,0.6443755340378119,0.6443755340378119,1.0,not yet verified,0.0,not manually reviewed,0.5,0.7594375534037812,0.7594375534037812
zoonotic malaria,Zoonotic Malaria,1,Pitta,"[""symptoms"", ""doshas"", ""diet_and_lifestyle_recommendations"", ""prevention"", ""complications""]",{},1.0,1.0,1.0,1.0,1.0,1.0,0.5564664650436716,0.5564664650436716,1.0,not yet verified,0.0,not manually reviewed,0.5,0.7506466465043671,0.7506466465043671
